CREATE DATABASE unifeob;
USE unifeob;

-- Tabela de Cursos
CREATE TABLE curso (
    idcurso INT AUTO_INCREMENT PRIMARY KEY,
    nomeCurso VARCHAR(100) NOT NULL
);

-- Tabela de Professores
CREATE TABLE professor (
    idprofessor INT AUTO_INCREMENT PRIMARY KEY,
    nome VARCHAR(100) NOT NULL,
    matricula VARCHAR(20) NOT NULL UNIQUE,
    endereco VARCHAR(255),
	telefone VARCHAR(15),
	data_nascimento DATE,
    senha VARCHAR(20)
    
);

-- Tabela de Disciplinas (cada disciplina pertence a um curso)
CREATE TABLE disciplina (
    iddisciplina INT AUTO_INCREMENT PRIMARY KEY,
    idcurso INT NOT NULL,
    nome_disciplina VARCHAR(100) NOT NULL,
    carga_horaria INT,
    FOREIGN KEY (idcurso) REFERENCES curso(idcurso) ON DELETE CASCADE
);

-- Tabela de Grade Horária (definindo horários das disciplinas)
CREATE TABLE grade_horaria (
    id_grade INT AUTO_INCREMENT PRIMARY KEY,
    iddisciplina INT NOT NULL,
    dia_semana ENUM('Segunda', 'Terça', 'Quarta', 'Quinta', 'Sexta') NOT NULL,
    horario_inicio TIME NOT NULL,
    horario_fim TIME NOT NULL,
    FOREIGN KEY (iddisciplina) REFERENCES disciplina(iddisciplina) ON DELETE CASCADE
);

-- Tabela para associar Professores com Disciplinas, Cursos, Módulos e Períodos
CREATE TABLE professor_disciplina_curso (
    idprofessor INT NOT NULL,
    iddisciplina INT NOT NULL,
    modulo INT NOT NULL,
    periodo ENUM('Matutino', 'Vespertino', 'Noturno') NOT NULL,
    PRIMARY KEY (idprofessor, iddisciplina, modulo, periodo),
    FOREIGN KEY (idprofessor) REFERENCES professor(idprofessor) ON DELETE CASCADE,
    FOREIGN KEY (iddisciplina) REFERENCES disciplina(iddisciplina) ON DELETE CASCADE
);

-- Tabela de Alunos
CREATE TABLE aluno (
    idaluno INT AUTO_INCREMENT PRIMARY KEY,
    nome VARCHAR(100) NOT NULL,
	endereco VARCHAR(255),
	telefone VARCHAR(15),
	data_nascimento DATE,
    ra VARCHAR(20) NOT NULL UNIQUE,
    idcurso INT NOT NULL,
    modulo INT NOT NULL,  -- Módulo atual do aluno
    semestre INT NOT NULL, -- Semestre atual do aluno
    FOREIGN KEY (idcurso) REFERENCES curso(idcurso) ON DELETE CASCADE,
	senha VARCHAR(20)

);

-- Tabela para registrar Aulas específicas (ligação entre professor, grade horária e data)
CREATE TABLE aula (
    idaula INT AUTO_INCREMENT PRIMARY KEY,
    id_grade INT NOT NULL,
    idprofessor INT NOT NULL,
    data DATE NOT NULL,
    sala VARCHAR(50),
    FOREIGN KEY (id_grade) REFERENCES grade_horaria(id_grade) ON DELETE CASCADE,
    FOREIGN KEY (idprofessor) REFERENCES professor(idprofessor) ON DELETE CASCADE
);

-- Tabela de Localização para controle de presença (validar localização geográfica)
CREATE TABLE localizacao (
    idlocalizacao INT AUTO_INCREMENT PRIMARY KEY,
    descricao VARCHAR(100) NOT NULL,
    latitude DECIMAL(9,6) NOT NULL,
    longitude DECIMAL(9,6) NOT NULL,
    raio INT NOT NULL -- Raio em metros para considerar presença válida
);

-- Tabela de Registro de Presença
CREATE TABLE registro_presenca (
    idregistro INT AUTO_INCREMENT PRIMARY KEY,
    idaluno INT NOT NULL,
    idaula INT NOT NULL,
    data_leitura DATE,
    horario_leitura TIME,
    status_presenca ENUM('Presente', 'Ausente') DEFAULT 'Ausente',
    latitude DECIMAL(18, 15),
    longitude DECIMAL(18, 15),
    FOREIGN KEY (idaluno) REFERENCES aluno(idaluno) ON DELETE CASCADE,
    FOREIGN KEY (idaula) REFERENCES aula(idaula) ON DELETE CASCADE
);

-- Tabela para associar Alunos com a Grade Horária (disciplinas e horários específicos)
CREATE TABLE aluno_grade_horaria (
    id_aluno_grade INT AUTO_INCREMENT PRIMARY KEY,
    idaluno INT NOT NULL,
    id_grade INT NOT NULL,
    FOREIGN KEY (idaluno) REFERENCES aluno(idaluno) ON DELETE CASCADE,
    FOREIGN KEY (id_grade) REFERENCES grade_horaria(id_grade) ON DELETE CASCADE
);
    
-- View para o Professor visualizar sua Grade Horária por semana
CREATE VIEW grade_horaria_professor_semana AS
SELECT 
    p.nome AS Professor,
	p.matricula AS Matrícula,
    c.nomeCurso AS Curso,
    d.nome_disciplina AS Disciplina,
    g.dia_semana AS "Dia da Semana",
    g.horario_inicio AS "Início",
    g.horario_fim AS Fim,
    pd.modulo AS "Módulo",
    pd.periodo AS "Período"
FROM 
    professor p
JOIN 
    professor_disciplina_curso pd ON p.idprofessor = pd.idprofessor
JOIN 
    disciplina d ON pd.iddisciplina = d.iddisciplina
JOIN 
    curso c ON d.idcurso = c.idcurso
JOIN 
    grade_horaria g ON d.iddisciplina = g.iddisciplina
ORDER BY 
    FIELD(g.dia_semana, 'Segunda', 'Terça', 'Quarta', 'Quinta', 'Sexta');

-- View para o Aluno  visualizar sua Grade Horária por semana
CREATE VIEW grade_horaria_aluno_semana AS
SELECT 
    a.nome AS Aluno,
    a.ra AS RA,
    c.nomeCurso AS Curso,
    d.nome_disciplina AS Disciplina,
    g.dia_semana AS "Dia da Semana",
    g.horario_inicio AS "Início",
    g.horario_fim AS Fim,
    a.modulo AS "Módulo"
FROM 
    aluno a
JOIN 
    aluno_grade_horaria agh ON a.idaluno = agh.idaluno
JOIN 
    grade_horaria g ON agh.id_grade = g.id_grade
JOIN 
    disciplina d ON g.iddisciplina = d.iddisciplina
JOIN 
    curso c ON a.idcurso = c.idcurso
ORDER BY 
    FIELD(g.dia_semana, 'Segunda', 'Terça', 'Quarta', 'Quinta', 'Sexta');
    
-- criar View para visualizar as faltas
CREATE VIEW historico_presenca_aluno AS
SELECT 
    a.ra AS RA,
    a.nome AS Aluno,
    d.nome_disciplina AS Disciplina,
    COUNT(CASE WHEN rp.status_presenca = 'Presente' THEN 1 END) AS "Total Presencas",
    COUNT(CASE WHEN rp.status_presenca = 'Ausente' THEN 1 END) AS "Total Faltas"
FROM 
    registro_presenca rp
JOIN 
    aula au ON rp.idaula = au.idaula
JOIN 
    grade_horaria g ON au.id_grade = g.id_grade
JOIN 
    disciplina d ON g.iddisciplina = d.iddisciplina
JOIN 
    aluno a ON rp.idaluno = a.idaluno
GROUP BY 
    a.ra, a.nome, d.nome_disciplina;


INSERT INTO curso (idcurso, nomeCurso) VALUES (1, 'Análise e Desenvolvimento de Sistemas'), (2, 'Ciência da Computação');

-- Inserindo dados em Professor (15 dados fictícios)
INSERT INTO professor (nome, matricula, endereco, telefone, data_nascimento, senha) VALUES
('João da Silva', '123456', 'Rua A, 100', '(11) 99999-1234', '1975-05-12', '20683234'),
('Maria Oliveira', '234567', 'Av. B, 200', '(11) 98888-2345', '1980-06-20', '36198467'),
('Carlos Mendes', '345678', 'Rua C, 300', '(11) 97777-3456', '1985-07-18', '12796705'),
('Ana Santos', '456789', 'Av. D, 400', '(11) 96666-4567', '1990-08-22', '22423022'),
('Paulo Lima', '567890', 'Rua E, 500', '(11) 95555-5678', '1988-09-15', '09309593'),
('Fernanda Costa', '678901', 'Av. F, 600', '(11) 94444-6789', '1978-10-10', '02516248'),
('Ricardo Souza', '789012', 'Rua G, 700', '(11) 93333-7890', '1982-03-05', '52432571'),
('Juliana Ferreira', '890123', 'Av. H, 800', '(11) 92222-8901', '1989-04-17', '34376748'),
('Felipe Rocha', '901234', 'Rua I, 900', '(11) 91111-9012', '1991-12-25', '45406889'),
('Patrícia Almeida', '012345', 'Av. J, 1000', '(11) 90000-0123', '1977-11-13', '57890409'),
('Marcos Ribeiro', '234568', 'Rua K, 1100', '(11) 98888-2346', '1986-01-01', '66340660'),
('Beatriz Sousa', '345679', 'Av. L, 1200', '(11) 97777-3457', '1984-02-12', '90495087'),
('Rodrigo Martins', '456780', 'Rua M, 1300', '(11) 96666-4568', '1990-03-03', '14525256'),
('Carla Figueiredo', '567891', 'Av. N, 1400', '(11) 95555-5679', '1992-05-09', '18234588'),
('Sérgio Gonçalves', '678902', 'Rua O, 1500', '(11) 94444-6780', '1983-06-30', '92940063');

-- Inserindo disciplinas para o curso de Análise e Desenvolvimento de Sistemas
INSERT INTO disciplina (idcurso, nome_disciplina, carga_horaria) VALUES
(1, 'Desenvolvimento Intelectual', 80),
(1, 'Redes de Computadores', 50),
(1, 'Interface Homem Máquina', 50),
(1, 'Projeto de IOT', 67),
(1, 'Algoritmo e Programação', 50),
(1, 'Internet Of Things', 50),
(1, 'Autoconhecimento', 80),
(1, 'Programação Orientada a Objeto', 50),
(1, 'Lógica de Programação', 50),
(1, 'Modelagem de Dados', 50),
(1, 'Projeto de Modelagem e Desenvolvimento de Sistemas', 67),
(1, 'Business Intelligence', 50),
(1, 'Diálogo Com a Academia', 80),
(1, 'Computação em Nuvem', 50),
(1, 'Desenvolvimento de Interfaces de Usuário para Web', 50),
(1, 'Tecnologias para Desenvolvimento Web', 50),
(1, 'Integração de Dados', 50),
(1, 'Projeto Desenvolvimento de Aplicação Web', 67),
(1, 'Diversidade Cultural', 80),
(1, 'Sistemas Operacionais', 50),
(1, 'Estrutura de Dados', 50),
(1, 'Segurança e Auditoria de Sistemas', 50),
(1, 'Desenvolvimento de Software Corporativo', 50),
(1, 'Projeto Desenvolvimento de Software Corporativo', 67),
(1, 'Engenharia de Software', 50),
(1, 'Qualidade e Teste de Software', 50),
(1, 'Atividades Complementares (ADS)', 100),
(1, 'Desenvolvimento de Sistemas Móveis', 50),
(1, 'Projeto Desenvolvimento de Sistemas Móveis', 67),
(1, 'Estágio em Análise e Desenvolvimento de Sistemas', 300);

-- Inserindo disciplinas para o curso de Ciência da Computação
INSERT INTO disciplina (idcurso, nome_disciplina, carga_horaria) VALUES
(2, 'Desenvolvimento Intelectual', 80),
(2, 'Redes de Computadores', 50),
(2, 'Interface Homem Máquina', 50),
(2, 'Projeto de IOT', 67),
(2, 'Algoritmo e Programação', 50),
(2, 'Internet Of Things', 50),
(2, 'Autoconhecimento', 80),
(2, 'Programação Orientada a Objeto', 50),
(2, 'Lógica de Programação', 50),
(2, 'Modelagem de Dados', 50),
(2, 'Projeto de Modelagem e Desenvolvimento de Sistemas', 67),
(2, 'Business Intelligence', 50),
(2, 'Diálogo Com a Academia', 80),
(2, 'Computação em Nuvem', 50),
(2, 'Desenvolvimento de Interfaces de Usuário para Web', 50),
(2, 'Tecnologias para Desenvolvimento Web', 50),
(2, 'Integração de Dados', 50),
(2, 'Projeto Desenvolvimento de Aplicação Web', 67),
(2, 'Diversidade Cultural', 80),
(2, 'Sistemas Operacionais', 50),
(2, 'Estrutura de Dados', 50),
(2, 'Segurança e Auditoria de Sistemas', 50),
(2, 'Desenvolvimento de Software Corporativo', 50),
(2, 'Projeto Desenvolvimento de Software Corporativo', 67),
(2, 'Percepção de Mundo e Sustentabilidade', 80),
(2, 'Engenharia de Software', 50),
(2, 'Qualidade e Teste de Software', 50),
(2, 'Inteligência Artificial', 50),
(2, 'Desenvolvimento de Sistemas Móveis', 50),
(2, 'Projeto Desenvolvimento de Sistemas Móveis', 67),
(2, 'Carreiras', 80),
(2, 'Análise Exploratória de Dados', 50),
(2, 'Big Data', 50),
(2, 'DevOps', 50),
(2, 'Probabilidade e Estatística', 50),
(2, 'Projeto Data Science', 67),
(2, 'Arte e Cultura', 80),
(2, 'Matemática Discreta', 50),
(2, 'IDEs, Compiladores', 50),
(2, 'Gamificação', 50),
(2, 'Computação Gráfica', 50),
(2, 'Projeto Integração de Tecnologias para Gamificação', 67),
(2, 'Empreendedorismo', 80),
(2, 'Cálculo Diferencial e Integral', 50),
(2, 'Álgebra Linear e Geometria Analítica', 50),
(2, 'Robótica', 50),
(2, 'Machine Learning', 50),
(2, 'Estágio em Ciências da Computação', 300),
(2, 'Atividades Complementares (Ciências da Computação)', 200),
(2, 'Projeto de Robótica', 67);

-- Inserindo Alunos para o curso de Análise e Desenvolvimento de Sistemas (50 dados fictícios)
INSERT INTO aluno (nome, ra, idcurso, modulo, semestre, endereco, telefone, data_nascimento, senha) VALUES
('Alice Ferreira', '24000001', 1, 1, 1, 'Rua X, 100', '(11) 98888-0001', '2000-01-01', '19976457'),
('Bruno Silva', '24000002', 1, 1, 1, 'Av. Y, 200', '(11) 98888-0002', '2001-02-02', '13187389'),
('Carlos Pereira', '24000003', 1, 1, 1, 'Rua Z, 300', '(11) 98888-0003', '2002-03-03', '90667272'),
('Daniela Souza', '24000004', 1, 1, 1, 'Rua A, 400', '(11) 98888-0004', '2000-04-04', '56847014'),
('Eduardo Lima', '22000005', 1, 5, 5, 'Av. B, 500', '(11) 98888-0005', '1995-05-05', '74542941'),
('Fernanda Rocha', '22000006', 1, 5, 5, 'Rua C, 600', '(11) 98888-0006', '2000-06-06', '85139299'),
('Gabriel Costa', '22000007', 1, 5, 5, 'Av. D, 700', '(11) 98888-0007', '2002-07-07', '78189055'),
('Heloísa Almeida', '22000008', 1, 5, 5, 'Rua E, 800', '(11) 98888-0008', '2001-08-08', '54530763'),
('Igor Moreira', '23000009', 1, 4, 4, 'Av. F, 900', '(11) 98888-0009', '1998-09-09', '47363796'),
('Juliana Martins', '23000010', 1, 4, 4, 'Rua G, 1000', '(11) 98888-0010', '2001-10-10', '87693834'),
('Lucas Azevedo', '23000011', 1, 4, 4, 'Av. H, 1100', '(11) 98888-0011', '2002-11-11', '50009168'),
('Mariana Ribeiro', '23000012', 1, 4, 4, 'Rua I, 1200', '(11) 98888-0012', '1997-12-12', '90999800'),
('Natália Barros', '23000013', 1, 3, 3, 'Av. J, 1300', '(11) 98888-0013', '2001-01-13', '49359647'),
('Otávio Fernandes', '23000014', 1, 3, 3, 'Rua K, 1400', '(11) 98888-0014', '2002-02-14', '88301924'),
('Paula Castro', '23000015', 1, 3, 3, 'Av. L, 1500', '(11) 98888-0015', '1998-03-15', '14302045'),
('Rafael Gomes', '23000016', 1, 1, 3, 'Rua M, 1600', '(11) 98888-0016', '2001-04-16', '49739172'),
('Sabrina Oliveira', '24000017', 1, 1, 1, 'Av. N, 1700', '(11) 98888-0017', '2002-05-17', '63748844'),
('Thiago Cardoso', '24000018', 1, 1, 1, 'Rua O, 1800', '(11) 98888-0018', '2000-06-18', '27853559'),
('Úrsula Vieira', '24000019', 1, 2, 2, 'Av. P, 1900', '(11) 98888-0019', '2001-07-19', '05185866'),
('Victor Borges', '24000020', 1, 2, 2, 'Rua Q, 2000', '(11) 98888-0020', '2002-08-20', '49849363'),
('Wesley Santos', '24000021', 1, 2, 2, 'Av. R, 2100', '(11) 98888-0021', '1994-09-21', '33435105'),
('Xavier Silva', '24000022', 1, 2, 2, 'Rua S, 2200', '(11) 98888-0022', '2001-10-22', '68702042'),
('Yasmin Oliveira', '24000023', 1, 2, 2, 'Av. T, 2300', '(11) 98888-0023', '2002-11-23', '94918605'),
('Zara Gomes', '24000024', 1, 2, 2, 'Rua U, 2400', '(11) 98888-0024', '1999-12-24', '64458324'),
('Alfredo Campos', '24000025', 1, 1, 1, 'Av. V, 2500', '(11) 98888-0025', '2001-01-25', '79293298'),
('Bárbara Medeiros', '24000026', 1, 1, 1, 'Rua W, 2600', '(11) 98888-0026', '2002-02-26', '32336408'),
('Catarina Dias', '24000027', 1, 1, 1, 'Av. X, 2700', '(11) 98888-0027', '2000-03-27', '01805364'),
('Diego Farias', '24000028', 1, 1, 1, 'Rua Y, 2800', '(11) 98888-0028', '2001-04-28', '92111580'),
('Elisa Martins', '24000029', 1, 1, 1, 'Av. Z, 2900', '(11) 98888-0029', '2002-05-29', '62994802'),
('Fabiano Lopes', '24000030', 1, 1, 1, 'Rua AA, 3000', '(11) 98888-0030', '2000-06-30', '58539811'),
('Giovana Souza', '24000031', 1, 1, 1, 'Av. AB, 3100', '(11) 98888-0031', '2001-07-31', '81446680'),
('Hugo Xavier', '24000032', 1, 1, 1, 'Rua AC, 3200', '(11) 98888-0032', '2002-08-01', '12619725'),
('Isabela Ferreira', '24000033', 1, 1, 1, 'Av. AD, 3300', '(11) 98888-0033', '2000-09-02', '27398541'),
('Júlio Costa', '24000034', 1, 1, 1, 'Rua AE, 3400', '(11) 98888-0034', '2001-10-03', '93605362'),
('Kátia Andrade', '24000035', 1, 2, 2, 'Av. AF, 3500', '(11) 98888-0035', '2002-11-04', '78368550'),
('Leonardo Rocha', '24000036', 1, 2, 2, 'Rua AG, 3600', '(11) 98888-0036', '2000-12-05', '05951270'),
('Marcela Lopes', '24000037', 1, 2, 2, 'Av. AH, 3700', '(11) 98888-0037', '2001-01-06', '61923354'),
('Nicolle Monteiro', '24000038', 1, 2, 2, 'Rua AI, 3800', '(11) 98888-0038', '2002-02-07', '74140838'),
('Otávio Cunha', '24000039', 1, 2, 2, 'Av. AJ, 3900', '(11) 98888-0039', '2000-03-08', '98828788'),
('Patrícia Mendes', '24000040', 1, 2, 2, 'Rua AK, 4000', '(11) 98888-0040', '2001-04-09', '59253798'),
('Rômulo Martins', '22000041', 1, 5, 5, 'Av. AL, 4100', '(11) 98888-0041', '2002-05-10', '86966467'),
('Sílvia Neves', '22000042', 1, 5, 5, 'Rua AM, 4200', '(11) 98888-0042', '2000-06-11', '42887321'),
('Tomás Leite', '24000043', 1, 1, 1, 'Av. AN, 4300', '(11) 98888-0043', '2001-07-12', '06432379'),
('Ubiratan Freitas', '24000044', 1, 1, 1, 'Rua AO, 4400', '(11) 98888-0044', '1998-08-13', '89086430'),
('Valentina Tavares', '24000045', 1, 1, 1, 'Av. AP, 4500', '(11) 98888-0045', '1999-09-14', '74435451'),
('Wellington Fonseca', '24000046', 1, 1, 1, 'Rua AQ, 4600', '(11) 98888-0046', '2001-10-15', '30146271'),
('Ximena Lopes', '24000047', 1, 2, 2, 'Av. AR, 4700', '(11) 98888-0047', '2002-11-16', '79458851'),
('Yuri Andrade', '24000048', 1, 2, 2, 'Rua AS, 4800', '(11) 98888-0048', '1997-12-17', '57720721'),
('Zuleica Ramos', '24000049', 1, 2, 2, 'Av. AT, 4900', '(11) 98888-0049', '2001-01-18', '45289876'),
('Artur Brito', '24000050', 1, 2, 2, 'Rua AU, 5000', '(11) 98888-0050', '2002-02-19', '86111028');


-- Inserindo Alunos para o curso de Ciência da Computação (50 dados fictícios)
INSERT INTO aluno (nome, ra, idcurso, modulo, semestre, endereco, telefone, data_nascimento, senha) VALUES
('Aline Moreira', '21001001', 2, 8, 8, 'Rua BA, 101', '(11) 97777-0101', '2000-01-20', '10059916'),
('Breno Santos', '21001002', 2, 8, 8, 'Av. BB, 202', '(11) 97777-0102', '2001-02-21', '40556797'),
('César Martins', '21001003', 2, 8, 8, 'Rua BC, 303', '(11) 97777-0103', '2002-03-22', '15494636'),
('Diana Rocha', '21001004', 2, 7, 7, 'Av. BD, 404', '(11) 97777-0104', '2000-04-23', '07645447'),
('Eduarda Ribeiro', '21001005', 2, 7, 7, 'Rua BE, 505', '(11) 97777-0105', '2001-05-24', '94476608'),
('Fábio Almeida', '21001006', 2, 7, 7, 'Av. BF, 606', '(11) 97777-0106', '2002-06-25', '17060659'),
('Gabriela Sousa', '21001007', 2, 7, 7, 'Rua BG, 707', '(11) 97777-0107', '2000-07-26', '84534776'),
('Heitor Cunha', '22001008', 2, 5, 5, 'Av. BH, 808', '(11) 97777-0108', '2001-08-27', '93019082'),
('Isis Mendes', '22001009', 2, 5, 5, 'Rua BI, 909', '(11) 97777-0109', '2002-09-28', '52872063'),
('João Oliveira', '22001010', 2, 5, 5, 'Av. BJ, 1001', '(11) 97777-0110', '2000-10-29', '42966510'),
('Karen Martins', '22001011', 2, 5, 5, 'Rua BK, 1102', '(11) 97777-0111', '2001-11-30', '77131816'),
('Luan Farias', '22001012', 2, 5, 5, 'Av. BL, 1203', '(11) 97777-0112', '2002-12-01', '78181838'),
('Marta Teixeira', '22001013', 2, 6, 6, 'Rua BM, 1304', '(11) 97777-0113', '2000-01-02', '83057108'),
('Nicolas Pinto', '22001014', 2, 6, 6, 'Av. BN, 1405', '(11) 97777-0114', '2001-02-03', '80965580'),
('Olívia Castro', '22001015', 2, 6, 6, 'Rua BO, 1506', '(11) 97777-0115', '2002-03-04', '47460205'),
('Pedro Ramos', '22001016', 2, 6, 6, 'Av. BP, 1607', '(11) 97777-0116', '2000-04-05', '90324382'),
('Quênia Silva', '22001017', 2, 6, 6, 'Rua BQ, 1708', '(11) 97777-0117', '2001-05-06', '42608025'),
('Renato Carvalho', '23001018', 2, 3, 3, 'Av. BR, 1809', '(11) 97777-0118', '2002-06-07', '22000133'),
('Sofia Monteiro', '23001019', 2, 3, 3, 'Rua BS, 1901', '(11) 97777-0119', '2000-07-08', '43550865'),
('Tiago Azevedo', '23001020', 2, 3, 3, 'Av. BT, 2002', '(11) 97777-0120', '2001-08-09', '50917700'),
('Ursula Pires', '23001021', 2, 3, 3, 'Rua BU, 2103', '(11) 97777-0121', '2002-09-10', '74108737'),
('Vagner Souza', '23001022', 2, 3, 3, 'Av. BV, 2204', '(11) 97777-0122', '2000-10-11', '91529451'),
('Wanda Figueiredo', '23001023', 2, 3, 3, 'Rua BW, 2305', '(11) 97777-0123', '2001-11-12', '06386648'),
('Xerxes Campos', '23001024', 2, 3, 3, 'Av. BX, 2406', '(11) 97777-0124', '2002-12-13', '78917624'),
('Yara Vasconcelos', '23001025', 2, 3, 3, 'Rua BY, 2507', '(11) 97777-0125', '2000-01-14', '15035751'),
('Zeca Moreira', '23001026', 2, 4, 4, 'Av. BZ, 2608', '(11) 97777-0126', '2001-02-15', '39515534'),
('Amanda Lopes', '23001027', 2, 4, 4, 'Rua CA, 2709', '(11) 97777-0127', '2002-03-16', '00059347'),
('Bruno Vieira', '23001028', 2, 4, 4, 'Av. CB, 2810', '(11) 97777-0128', '2000-04-17', '96552625'),
('Clara Rocha', '23001029', 2, 4, 4, 'Rua CC, 2911', '(11) 97777-0129', '2001-05-18', '51106595'),
('Diego Tavares', '23001030', 2, 4, 4, 'Av. CD, 3012', '(11) 97777-0130', '2002-06-19', '51553217'),
('Elisa Souza', '23001031', 2, 4, 4, 'Rua CE, 3113', '(11) 97777-0131', '2000-07-20', '97149636'),
('Felipe Costa', '23001032', 2, 4, 4, 'Av. CF, 3214', '(11) 97777-0132', '2001-08-21', '43185149'),
('Gabriela Nunes', '23001033', 2, 4, 4, 'Rua CG, 3315', '(11) 97777-0133', '2002-09-22', '72466553'),
('Henrique Almeida', '24001034', 2, 2, 2, 'Av. CH, 3416', '(11) 97777-0134', '2000-10-23', '91529949'),
('Iara Santos', '24001035', 2, 2, 2, 'Rua CI, 3517', '(11) 97777-0135', '2001-11-24', '53298144'),
('José Freitas', '24001036', 2, 2, 2, 'Av. CJ, 3618', '(11) 97777-0136', '2002-12-25', '01227075'),
('Karine Rodrigues', '24001037', 2, 2, 2, 'Rua CK, 3719', '(11) 97777-0137', '2000-01-26', '32580404'),
('Luís Faria', '24001038', 2, 2, 2, 'Av. CL, 3810', '(11) 97777-0138', '2001-02-27', '79922699'),
('Marcos Lima', '24001039', 2, 2, 2, 'Rua CM, 3911', '(11) 97777-0139', '2002-03-28', '27717660'),
('Natália Barreto', '24001040', 2, 2, 2, 'Av. CN, 4012', '(11) 97777-0140', '2000-04-29', '03220697'),
('Otávio Mendonça', '24001041', 2, 2, 2, 'Rua CO, 4113', '(11) 97777-0141', '2001-05-30', '24728865'),
('Patrícia Gomes', '24001042', 2, 2, 2, 'Av. CP, 4214', '(11) 97777-0142', '2002-06-01', '65719841'),
('Raul Araújo', '24001043', 2, 1, 1, 'Rua CQ, 4315', '(11) 97777-0143', '2000-07-02', '28565261'),
('Simone Silva', '24001044', 2, 1, 1, 'Av. CR, 4416', '(11) 97777-0144', '2001-08-03', '09545263'),
('Tainá Moura', '24001045', 2, 1, 1, 'Rua CS, 4517', '(11) 97777-0145', '2002-09-04', '51063664'),
('Ulisses Fernandes', '24001046', 2, 1, 1, 'Av. CT, 4618', '(11) 97777-0146', '2000-10-05', '89829974'),
('Viviane Ferreira', '24001047', 2, 1, 1, 'Rua CU, 4719', '(11) 97777-0147', '2001-11-06', '24393092'),
('Wallace Teixeira', '24001048', 2, 1, 1, 'Av. CV, 4810', '(11) 97777-0148', '2002-12-07', '41571164'),
('Xuxa Andrade', '24001049', 2, 1, 1, 'Rua CW, 4911', '(11) 97777-0149', '2000-01-08', '07838350'),
('Yuri Cardoso', '24001050', 2, 1, 1, 'Av. CX, 5012', '(11) 97777-0150', '2001-02-09', '96663437');

-- Inserindo dados Localização
INSERT INTO localizacao (descricao, latitude, longitude, raio) VALUES
('Sala 101 - Prédio A', -23.550520, -46.633308, 50),
('Sala 102 - Prédio C', -23.550525, -46.633310, 50),
('Laboratório 1 - Prédio D', -23.550530, -46.633315, 50),
('Auditório - Prédio E', -23.550540, -46.633320, 100),
('Sala 202 - Prédio F', -23.550550, -46.633325, 50);

-- Inserindo dados Grade Horária
INSERT INTO grade_horaria (iddisciplina, dia_semana, horario_inicio, horario_fim) VALUES
(1, 'Segunda', '08:00:00', '10:00:00'),
(2, 'Segunda', '10:00:00', '12:00:00'),
(3, 'Terça', '13:00:00', '15:00:00'),
(4, 'Terça', '15:00:00', '17:00:00'),
(5, 'Quarta', '19:00:00', '21:00:00'),
(6, 'Quinta', '08:00:00', '10:00:00'),
(7, 'Quinta', '10:00:00', '12:00:00'),
(8, 'Sexta', '13:00:00', '15:00:00'),
(1, 'Segunda', '08:00:00', '10:00:00'),
(1, 'Quarta', '08:00:00', '10:00:00'),
(1, 'Sexta', '08:00:00', '10:00:00'),
(2, 'Segunda', '10:00:00', '12:00:00'),
(2, 'Quarta', '10:00:00', '12:00:00'),
(2, 'Sexta', '10:00:00', '12:00:00'),
(3, 'Terça', '13:00:00', '15:00:00'),
(3, 'Quinta', '13:00:00', '15:00:00'),
(4, 'Terça', '15:00:00', '17:00:00'),
(4, 'Quinta', '15:00:00', '17:00:00');

-- Inserindo dados em professor_disciplina_curso (relaciona professores, disciplinas, cursos, módulos e períodos)
INSERT INTO professor_disciplina_curso (idprofessor, iddisciplina, modulo, periodo) VALUES
(1, 1, 1, 'Matutino'),
(2, 2, 1, 'Vespertino'),
(3, 3, 1, 'Noturno'),
(4, 4, 2, 'Matutino'),
(5, 5, 2, 'Vespertino'),
(1, 2, 1, 'Matutino'),
(1, 3, 2, 'Vespertino'),
(1, 4, 2, 'Noturno'),
(2, 3, 1, 'Noturno'),
(2, 4, 2, 'Matutino'),
(3, 1, 2, 'Noturno'),
(3, 2, 2, 'Matutino'),
(3, 4, 3, 'Vespertino');

-- Inserindo dados em Aula
INSERT INTO aula (id_grade, idprofessor, data, sala) VALUES
(1, 1, '2023-11-01', 'Sala 101 - Prédio A'),
(2, 2, '2023-11-02', 'Sala 102 - Prédio C'),
(3, 3, '2023-11-03', 'Laboratório 1 - Prédio E'),
(4, 4, '2023-11-04', 'Auditório - Prédio F'),
(5, 5, '2023-11-05', 'Sala 202 - Prédio D');

-- Inserindo dados em Grade Horaria
INSERT INTO aluno_grade_horaria (idaluno, id_grade)
SELECT a.idaluno, g.id_grade
FROM aluno a
JOIN grade_horaria g ON a.idcurso = (SELECT idcurso FROM disciplina WHERE disciplina.iddisciplina = g.iddisciplina);

INSERT INTO registro_presenca (idaluno, idaula, data_leitura, horario_leitura, status_presenca, latitude, longitude)
VALUES
(31, 4, '2023-10-09', '04:37:29', 'Ausente', -23.55053, -46.633315),
(84, 3, '2023-10-10', '10:57:52', 'Presente', -23.550525, -46.63331),
(98, 2, '2023-10-08', '08:26:44', 'Presente', -23.55052, -46.633308),
(17, 3, '2023-10-27', '00:02:01', 'Ausente', -23.55053, -46.633315),
(52, 4, '2023-10-29', '06:27:23', 'Ausente', -23.55052, -46.633308),
(43, 4, '2023-10-22', '09:20:02', 'Presente', -23.55055, -46.633325),
(75, 5, '2023-10-23', '06:55:26', 'Presente', -23.550525, -46.63331),
(61, 2, '2023-10-15', '03:12:37', 'Ausente', -23.55052, -46.633308),
(22, 4, '2023-10-03', '08:42:49', 'Presente', -23.55053, -46.633315),
(1, 1, '2023-10-24', '11:23:19', 'Presente', -23.55054, -46.63332),
(92, 3, '2023-10-05', '04:21:14', 'Ausente', -23.55052, -46.633308),
(11, 1, '2023-10-27', '11:00:15', 'Presente', -23.55054, -46.63332),
(42, 5, '2023-10-27', '00:35:13', 'Ausente', -23.550525, -46.63331),
(35, 5, '2023-10-04', '00:40:17', 'Ausente', -23.55053, -46.633315),
(56, 2, '2023-10-06', '00:19:57', 'Presente', -23.550525, -46.63331),
(28, 2, '2023-10-22', '10:22:48', 'Ausente', -23.55053, -46.633315),
(49, 5, '2023-10-04', '03:30:12', 'Presente', -23.55053, -46.633315),
(10, 5, '2023-10-12', '01:22:37', 'Presente', -23.550525, -46.63331),
(48, 3, '2023-10-18', '05:03:55', 'Presente', -23.55055, -46.633325),
(27, 3, '2023-10-28', '04:37:29', 'Ausente', -23.55052, -46.633308),
(7, 2, '2023-10-17', '00:41:50', 'Ausente', -23.55053, -46.633315),
(99, 3, '2023-10-26', '11:27:01', 'Ausente', -23.55054, -46.63332),
(52, 1, '2023-10-09', '02:39:28', 'Presente', -23.55055, -46.633325),
(54, 2, '2023-10-16', '08:04:33', 'Presente', -23.55054, -46.63332),
(27, 5, '2023-10-08', '04:25:00', 'Presente', -23.55053, -46.633315),
(94, 5, '2023-10-19', '09:47:35', 'Ausente', -23.55053, -46.633315),
(50, 3, '2023-10-23', '08:51:34', 'Presente', -23.55055, -46.633325),
(68, 5, '2023-10-02', '10:46:59', 'Ausente', -23.550525, -46.63331),
(92, 1, '2023-10-17', '10:22:27', 'Ausente', -23.55055, -46.633325),
(31, 2, '2023-10-01', '08:34:55', 'Ausente', -23.55053, -46.633315),
(18, 3, '2023-10-25', '03:36:21', 'Presente', -23.550525, -46.63331),
(4, 5, '2023-10-03', '05:44:30', 'Ausente', -23.550525, -46.63331),
(18, 2, '2023-10-21', '08:13:57', 'Ausente', -23.55053, -46.633315),
(100, 2, '2023-10-24', '04:46:03', 'Ausente', -23.55055, -46.633325),
(84, 5, '2023-10-09', '02:31:38', 'Ausente', -23.55052, -46.633308),
(30, 2, '2023-10-11', '04:40:09', 'Presente', -23.550525, -46.63331),
(60, 4, '2023-10-02', '10:52:11', 'Presente', -23.55052, -46.633308),
(40, 1, '2023-10-15', '06:57:33', 'Presente', -23.55055, -46.633325),
(68, 2, '2023-10-29', '04:29:06', 'Ausente', -23.55054, -46.63332),
(20, 5, '2023-10-16', '00:24:17', 'Presente', -23.55052, -46.633308),
(87, 5, '2023-10-19', '01:17:20', 'Presente', -23.55052, -46.633308),
(8, 1, '2023-10-23', '08:26:52', 'Ausente', -23.550525, -46.63331),
(26, 4, '2023-10-02', '04:01:26', 'Ausente', -23.55055, -46.633325),
(29, 4, '2023-10-25', '11:05:04', 'Ausente', -23.55052, -46.633308),
(100, 4, '2023-10-19', '08:20:50', 'Ausente', -23.55054, -46.63332),
(86, 1, '2023-10-24', '10:16:01', 'Ausente', -23.55052, -46.633308),
(96, 1, '2023-10-22', '02:35:29', 'Ausente', -23.55052, -46.633308),
(88, 2, '2023-10-06', '03:55:35', 'Presente', -23.55055, -46.633325),
(8, 4, '2023-10-21', '05:03:55', 'Ausente', -23.55052, -46.633308),
(1, 2, '2023-10-27', '04:56:39', 'Presente', -23.550525, -46.63331),
(11, 5, '2023-10-21', '09:37:03', 'Presente', -23.55053, -46.633315),
(43, 4, '2023-10-30', '08:58:40', 'Presente', -23.55052, -46.633308),
(54, 1, '2023-10-12', '03:57:25', 'Presente', -23.550525, -46.63331),
(44, 3, '2023-10-18', '04:36:45', 'Presente', -23.550525, -46.63331),
(82, 1, '2023-10-04', '08:23:43', 'Presente', -23.55052, -46.633308),
(79, 3, '2023-10-30', '08:07:02', 'Ausente', -23.55053, -46.633315),
(16, 3, '2023-10-21', '00:23:51', 'Presente', -23.55054, -46.63332),
(83, 2, '2023-10-11', '00:01:38', 'Ausente', -23.55052, -46.633308),
(16, 3, '2023-10-27', '03:55:40', 'Ausente', -23.55052, -46.633308),
(29, 1, '2023-10-26', '07:13:40', 'Presente', -23.55055, -46.633325),
(48, 2, '2023-10-29', '04:09:43', 'Ausente', -23.550525, -46.63331),
(11, 4, '2023-10-02', '03:03:26', 'Ausente', -23.550525, -46.63331),
(89, 1, '2023-10-10', '06:28:46', 'Ausente', -23.550525, -46.63331),
(62, 2, '2023-10-11', '06:17:09', 'Presente', -23.55053, -46.633315),
(37, 3, '2023-10-27', '06:31:55', 'Presente', -23.55052, -46.633308),
(35, 2, '2023-10-05', '01:35:30', 'Ausente', -23.55053, -46.633315),
(37, 5, '2023-10-14', '10:38:56', 'Ausente', -23.55052, -46.633308),
(70, 2, '2023-10-06', '04:57:28', 'Presente', -23.55052, -46.633308),
(81, 2, '2023-10-24', '09:58:05', 'Ausente', -23.55055, -46.633325),
(61, 3, '2023-10-03', '09:42:47', 'Ausente', -23.55052, -46.633308),
(91, 3, '2023-10-02', '03:38:50', 'Presente', -23.55054, -46.63332),
(46, 3, '2023-10-21', '09:45:51', 'Presente', -23.55054, -46.63332),
(66, 5, '2023-10-17', '07:02:00', 'Ausente', -23.55053, -46.633315),
(66, 4, '2023-10-29', '08:26:46', 'Presente', -23.55052, -46.633308),
(32, 2, '2023-10-15', '06:13:43', 'Ausente', -23.55054, -46.63332),
(87, 5, '2023-10-08', '03:45:41', 'Ausente', -23.55052, -46.633308),
(46, 3, '2023-10-01', '10:02:46', 'Ausente', -23.55053, -46.633315),
(62, 2, '2023-10-12', '04:29:29', 'Ausente', -23.55052, -46.633308),
(33, 3, '2023-10-07', '10:37:44', 'Ausente', -23.55052, -46.633308),
(40, 3, '2023-10-19', '00:04:30', 'Ausente', -23.55053, -46.633315),
(64, 5, '2023-10-11', '00:58:45', 'Presente', -23.55053, -46.633315),
(99, 5, '2023-10-06', '08:52:49', 'Presente', -23.55055, -46.633325),
(35, 5, '2023-10-06', '09:32:01', 'Presente', -23.55052, -46.633308),
(89, 5, '2023-10-17', '09:47:09', 'Presente', -23.55055, -46.633325),
(71, 4, '2023-10-11', '08:31:25', 'Presente', -23.550525, -46.63331),
(8, 2, '2023-10-09', '04:18:38', 'Presente', -23.55055, -46.633325),
(20, 5, '2023-10-14', '05:08:16', 'Presente', -23.55055, -46.633325),
(36, 3, '2023-10-04', '10:32:37', 'Ausente', -23.55054, -46.63332),
(27, 5, '2023-10-27', '04:21:22', 'Ausente', -23.55052, -46.633308),
(25, 2, '2023-10-11', '07:30:23', 'Presente', -23.55054, -46.63332),
(82, 5, '2023-10-06', '08:14:44', 'Ausente', -23.55055, -46.633325),
(82, 3, '2023-10-30', '08:00:09', 'Presente', -23.55052, -46.633308),
(43, 2, '2023-10-16', '02:27:32', 'Presente', -23.55055, -46.633325),
(70, 5, '2023-10-10', '10:34:06', 'Ausente', -23.550525, -46.63331),
(51, 4, '2023-10-23', '04:05:42', 'Ausente', -23.55054, -46.63332),
(79, 2, '2023-10-25', '05:30:00', 'Ausente', -23.55053, -46.633315),
(47, 2, '2023-10-07', '07:20:11', 'Presente', -23.55053, -46.633315),
(56, 1, '2023-10-22', '10:12:07', 'Presente', -23.55054, -46.63332),
(83, 5, '2023-10-24', '08:45:56', 'Ausente', -23.55055, -46.633325),
(3, 1, '2023-10-02', '05:09:52', 'Ausente', -23.55055, -46.633325),
(23, 1, '2023-10-03', '11:57:05', 'Ausente', -23.55054, -46.63332),
(75, 5, '2023-10-07', '09:20:39', 'Ausente', -23.55055, -46.633325),
(59, 5, '2023-10-05', '00:19:44', 'Presente', -23.55055, -46.633325),
(67, 5, '2023-10-29', '04:13:01', 'Ausente', -23.55054, -46.63332),
(49, 5, '2023-10-01', '04:41:11', 'Ausente', -23.55055, -46.633325),
(70, 4, '2023-10-15', '11:59:43', 'Presente', -23.55053, -46.633315),
(53, 5, '2023-10-07', '05:17:35', 'Presente', -23.55052, -46.633308),
(29, 5, '2023-10-19', '10:43:25', 'Ausente', -23.550525, -46.63331),
(84, 2, '2023-10-30', '08:09:59', 'Presente', -23.55054, -46.63332),
(27, 5, '2023-10-23', '00:42:15', 'Ausente', -23.550525, -46.63331),
(79, 2, '2023-10-22', '02:07:58', 'Ausente', -23.55052, -46.633308),
(88, 3, '2023-10-05', '10:17:45', 'Presente', -23.55055, -46.633325),
(17, 5, '2023-10-17', '10:10:31', 'Presente', -23.55055, -46.633325),
(5, 5, '2023-10-10', '09:50:10', 'Presente', -23.55053, -46.633315),
(15, 4, '2023-10-09', '10:25:29', 'Ausente', -23.55052, -46.633308),
(71, 3, '2023-10-04', '08:43:26', 'Presente', -23.55054, -46.63332),
(17, 3, '2023-10-02', '07:45:23', 'Presente', -23.55055, -46.633325),
(72, 5, '2023-10-15', '07:10:15', 'Presente', -23.55054, -46.63332),
(2, 3, '2023-10-20', '00:34:44', 'Ausente', -23.55055, -46.633325),
(75, 2, '2023-10-07', '01:05:10', 'Presente', -23.55053, -46.633315),
(7, 4, '2023-10-22', '11:36:14', 'Presente', -23.55052, -46.633308),
(12, 4, '2023-10-17', '09:47:44', 'Ausente', -23.55052, -46.633308),
(99, 5, '2023-10-07', '04:58:13', 'Ausente', -23.55055, -46.633325),
(47, 1, '2023-10-01', '10:28:42', 'Presente', -23.55053, -46.633315),
(63, 1, '2023-10-04', '11:44:20', 'Ausente', -23.55054, -46.63332),
(25, 2, '2023-10-22', '03:59:25', 'Ausente', -23.55052, -46.633308),
(60, 1, '2023-10-15', '02:06:54', 'Presente', -23.550525, -46.63331),
(55, 2, '2023-10-04', '06:55:28', 'Presente', -23.550525, -46.63331),
(41, 1, '2023-10-20', '10:35:38', 'Presente', -23.55054, -46.63332),
(48, 3, '2023-10-11', '09:47:41', 'Ausente', -23.55055, -46.633325),
(77, 4, '2023-10-27', '03:41:04', 'Ausente', -23.55052, -46.633308),
(50, 4, '2023-10-16', '04:51:02', 'Ausente', -23.55055, -46.633325),
(43, 5, '2023-10-07', '04:49:49', 'Presente', -23.55054, -46.63332),
(19, 5, '2023-10-22', '03:59:30', 'Ausente', -23.55055, -46.633325),
(16, 1, '2023-10-18', '01:47:33', 'Presente', -23.55054, -46.63332),
(23, 1, '2023-10-13', '09:44:26', 'Ausente', -23.55054, -46.63332),
(9, 4, '2023-10-05', '09:40:02', 'Presente', -23.55055, -46.633325),
(37, 5, '2023-10-20', '05:15:00', 'Ausente', -23.55052, -46.633308),
(65, 4, '2023-10-29', '04:22:01', 'Ausente', -23.55054, -46.63332),
(85, 5, '2023-10-06', '05:26:03', 'Ausente', -23.550525, -46.63331),
(98, 1, '2023-10-08', '01:33:17', 'Ausente', -23.55052, -46.633308),
(32, 3, '2023-10-02', '01:54:14', 'Presente', -23.55055, -46.633325),
(18, 1, '2023-10-26', '09:53:40', 'Ausente', -23.55055, -46.633325),
(50, 5, '2023-10-05', '04:52:11', 'Ausente', -23.55054, -46.63332),
(47, 5, '2023-10-02', '01:00:09', 'Presente', -23.55055, -46.633325),
(41, 3, '2023-10-09', '05:02:59', 'Ausente', -23.550525, -46.63331),
(100, 4, '2023-10-19', '05:18:16', 'Presente', -23.55054, -46.63332),
(43, 4, '2023-10-16', '03:17:26', 'Ausente', -23.55053, -46.633315),
(98, 5, '2023-10-18', '00:58:20', 'Presente', -23.55052, -46.633308),
(33, 4, '2023-10-05', '05:19:54', 'Ausente', -23.55052, -46.633308),
(71, 4, '2023-10-04', '01:50:20', 'Ausente', -23.55054, -46.63332),
(81, 1, '2023-10-10', '06:02:04', 'Presente', -23.55054, -46.63332),
(69, 1, '2023-10-10', '05:00:52', 'Ausente', -23.55054, -46.63332),
(31, 2, '2023-10-20', '08:53:15', 'Ausente', -23.55053, -46.633315),
(73, 3, '2023-10-23', '10:31:16', 'Presente', -23.55055, -46.633325),
(95, 5, '2023-10-14', '02:16:44', 'Presente', -23.550525, -46.63331),
(16, 4, '2023-10-16', '01:41:06', 'Presente', -23.55053, -46.633315),
(54, 5, '2023-10-14', '11:39:30', 'Ausente', -23.55054, -46.63332),
(59, 4, '2023-10-21', '03:12:56', 'Presente', -23.550525, -46.63331),
(19, 3, '2023-10-13', '07:05:27', 'Presente', -23.55055, -46.633325),
(75, 1, '2023-10-12', '11:14:27', 'Ausente', -23.55052, -46.633308),
(61, 2, '2023-10-28', '09:59:11', 'Presente', -23.55055, -46.633325),
(85, 2, '2023-10-13', '08:00:02', 'Ausente', -23.55052, -46.633308),
(70, 4, '2023-10-30', '10:41:22', 'Presente', -23.55055, -46.633325),
(75, 4, '2023-10-03', '03:40:27', 'Ausente', -23.550525, -46.63331),
(46, 4, '2023-10-18', '02:43:42', 'Ausente', -23.55053, -46.633315),
(2, 1, '2023-10-25', '07:32:43', 'Presente', -23.550525, -46.63331),
(44, 2, '2023-10-14', '11:25:35', 'Presente', -23.55052, -46.633308),
(71, 4, '2023-10-19', '02:14:31', 'Presente', -23.55052, -46.633308),
(27, 5, '2023-10-12', '06:21:49', 'Presente', -23.55053, -46.633315),
(26, 5, '2023-10-22', '08:07:58', 'Ausente', -23.55053, -46.633315),
(62, 3, '2023-10-06', '03:00:09', 'Ausente', -23.55052, -46.633308),
(81, 5, '2023-10-24', '04:16:43', 'Ausente', -23.55052, -46.633308),
(12, 4, '2023-10-23', '07:24:07', 'Ausente', -23.55055, -46.633325),
(62, 2, '2023-10-28', '06:22:34', 'Presente', -23.55053, -46.633315),
(23, 2, '2023-10-26', '10:16:47', 'Ausente', -23.550525, -46.63331),
(33, 3, '2023-10-17', '00:05:57', 'Ausente', -23.550525, -46.63331),
(69, 1, '2023-10-25', '07:16:22', 'Ausente', -23.55053, -46.633315),
(85, 4, '2023-10-09', '08:04:57', 'Ausente', -23.55054, -46.63332),
(29, 4, '2023-10-14', '03:09:12', 'Presente', -23.550525, -46.63331),
(16, 5, '2023-10-09', '09:55:05', 'Presente', -23.55053, -46.633315),
(92, 5, '2023-10-08', '07:14:48', 'Ausente', -23.55055, -46.633325),
(53, 2, '2023-10-08', '05:25:20', 'Presente', -23.55052, -46.633308),
(36, 2, '2023-10-03', '02:19:40', 'Presente', -23.55053, -46.633315),
(11, 4, '2023-10-14', '05:16:03', 'Ausente', -23.55053, -46.633315),
(65, 5, '2023-10-12', '08:02:17', 'Presente', -23.55052, -46.633308),
(70, 4, '2023-10-22', '03:33:43', 'Presente', -23.55053, -46.633315),
(25, 2, '2023-10-16', '06:03:37', 'Presente', -23.550525, -46.63331),
(50, 2, '2023-10-11', '07:31:33', 'Ausente', -23.550525, -46.63331),
(48, 1, '2023-10-05', '04:00:45', 'Ausente', -23.55055, -46.633325),
(57, 4, '2023-10-05', '09:04:41', 'Presente', -23.550525, -46.63331),
(23, 4, '2023-10-26', '08:37:06', 'Presente', -23.55052, -46.633308),
(33, 5, '2023-10-30', '11:28:42', 'Ausente', -23.55054, -46.63332),
(98, 5, '2023-10-20', '00:00:33', 'Presente', -23.55053, -46.633315),
(71, 2, '2023-10-26', '00:17:57', 'Presente', -23.550525, -46.63331),
(26, 3, '2023-10-08', '06:09:47', 'Ausente', -23.55053, -46.633315),
(72, 1, '2023-10-25', '07:32:30', 'Presente', -23.550525, -46.63331),
(40, 3, '2023-10-21', '10:45:17', 'Presente', -23.55055, -46.633325),
(98, 4, '2023-10-30', '11:31:49', 'Presente', -23.55052, -46.633308),
(31, 4, '2023-10-12', '03:00:25', 'Presente', -23.55052, -46.633308),
(45, 1, '2023-10-15', '01:36:12', 'Presente', -23.550525, -46.63331),
(14, 3, '2023-10-19', '02:02:50', 'Ausente', -23.55052, -46.633308),
(1, 2, '2023-10-04', '03:38:28', 'Ausente', -23.55052, -46.633308),
(66, 2, '2023-10-01', '06:13:02', 'Presente', -23.55053, -46.633315),
(8, 2, '2023-10-22', '05:20:01', 'Ausente', -23.55052, -46.633308),
(66, 4, '2023-10-17', '08:20:53', 'Presente', -23.55054, -46.63332),
(12, 1, '2023-10-08', '01:07:01', 'Presente', -23.550525, -46.63331),
(73, 2, '2023-10-23', '06:24:44', 'Ausente', -23.55053, -46.633315),
(24, 3, '2023-10-20', '03:57:04', 'Presente', -23.55052, -46.633308),
(95, 3, '2023-10-26', '01:39:43', 'Presente', -23.550525, -46.63331),
(57, 1, '2023-10-29', '11:09:26', 'Presente', -23.55053, -46.633315),
(11, 3, '2023-10-05', '00:26:04', 'Ausente', -23.55054, -46.63332),
(96, 4, '2023-10-28', '11:42:57', 'Ausente', -23.55052, -46.633308),
(63, 2, '2023-10-07', '05:41:44', 'Presente', -23.55052, -46.633308),
(71, 5, '2023-10-20', '02:53:44', 'Presente', -23.55055, -46.633325),
(61, 5, '2023-10-28', '04:20:21', 'Ausente', -23.550525, -46.63331),
(9, 3, '2023-10-27', '07:50:57', 'Ausente', -23.550525, -46.63331),
(44, 3, '2023-10-10', '02:08:55', 'Presente', -23.55053, -46.633315),
(22, 5, '2023-10-03', '06:52:51', 'Presente', -23.55053, -46.633315),
(9, 2, '2023-10-17', '07:41:48', 'Presente', -23.55054, -46.63332),
(27, 2, '2023-10-02', '07:36:35', 'Presente', -23.55052, -46.633308),
(35, 1, '2023-10-17', '07:41:15', 'Ausente', -23.55055, -46.633325),
(29, 4, '2023-10-05', '01:55:51', 'Ausente', -23.55053, -46.633315),
(62, 5, '2023-10-13', '00:45:31', 'Presente', -23.55054, -46.63332),
(3, 5, '2023-10-01', '07:03:20', 'Presente', -23.55052, -46.633308),
(24, 1, '2023-10-22', '05:53:03', 'Ausente', -23.55052, -46.633308),
(55, 3, '2023-10-29', '10:47:28', 'Presente', -23.55052, -46.633308),
(47, 2, '2023-10-29', '07:34:43', 'Ausente', -23.55054, -46.63332),
(67, 2, '2023-10-08', '10:27:58', 'Presente', -23.550525, -46.63331),
(19, 2, '2023-10-07', '10:19:05', 'Ausente', -23.55055, -46.633325),
(76, 3, '2023-10-10', '03:07:28', 'Presente', -23.55053, -46.633315),
(51, 3, '2023-10-08', '11:14:55', 'Ausente', -23.55052, -46.633308),
(76, 4, '2023-10-26', '05:32:39', 'Ausente', -23.55055, -46.633325),
(59, 1, '2023-10-01', '11:25:37', 'Ausente', -23.55053, -46.633315),
(89, 1, '2023-10-13', '00:52:15', 'Presente', -23.550525, -46.63331),
(24, 3, '2023-10-09', '06:21:49', 'Ausente', -23.55053, -46.633315),
(17, 5, '2023-10-26', '08:06:47', 'Presente', -23.55053, -46.633315),
(7, 5, '2023-10-10', '05:27:18', 'Presente', -23.55053, -46.633315),
(28, 4, '2023-10-21', '09:19:28', 'Presente', -23.55052, -46.633308),
(35, 1, '2023-10-03', '11:06:42', 'Presente', -23.55052, -46.633308),
(20, 4, '2023-10-24', '01:39:31', 'Ausente', -23.55052, -46.633308),
(77, 3, '2023-10-06', '00:47:41', 'Presente', -23.55053, -46.633315),
(16, 5, '2023-10-11', '11:10:07', 'Presente', -23.55052, -46.633308),
(43, 1, '2023-10-30', '02:06:57', 'Ausente', -23.55053, -46.633315),
(60, 1, '2023-10-25', '01:59:00', 'Ausente', -23.55054, -46.63332),
(29, 1, '2023-10-06', '00:57:00', 'Ausente', -23.55054, -46.63332),
(72, 4, '2023-10-19', '05:30:09', 'Presente', -23.55052, -46.633308),
(33, 2, '2023-10-14', '07:06:22', 'Ausente', -23.55055, -46.633325),
(67, 4, '2023-10-18', '03:34:20', 'Ausente', -23.55054, -46.63332),
(100, 4, '2023-10-08', '03:04:21', 'Ausente', -23.55052, -46.633308),
(58, 1, '2023-10-21', '03:57:01', 'Ausente', -23.55055, -46.633325),
(78, 5, '2023-10-12', '10:22:16', 'Ausente', -23.55052, -46.633308),
(96, 2, '2023-10-11', '00:21:54', 'Ausente', -23.55054, -46.63332),
(77, 4, '2023-10-17', '05:22:58', 'Ausente', -23.55053, -46.633315),
(55, 1, '2023-10-19', '07:26:35', 'Ausente', -23.550525, -46.63331),
(55, 3, '2023-10-15', '10:22:07', 'Presente', -23.55052, -46.633308),
(36, 2, '2023-10-09', '01:32:34', 'Ausente', -23.55053, -46.633315),
(12, 4, '2023-10-23', '08:59:23', 'Presente', -23.55054, -46.63332),
(42, 2, '2023-10-13', '09:11:03', 'Ausente', -23.550525, -46.63331),
(60, 3, '2023-10-20', '01:58:13', 'Ausente', -23.55054, -46.63332),
(60, 4, '2023-10-24', '07:24:53', 'Presente', -23.55055, -46.633325),
(82, 1, '2023-10-29', '09:57:31', 'Ausente', -23.55055, -46.633325),
(23, 4, '2023-10-01', '11:22:14', 'Ausente', -23.55055, -46.633325),
(26, 2, '2023-10-02', '03:53:52', 'Presente', -23.550525, -46.63331),
(60, 2, '2023-10-22', '07:49:38', 'Ausente', -23.55053, -46.633315),
(62, 1, '2023-10-14', '07:15:26', 'Presente', -23.55054, -46.63332),
(69, 3, '2023-10-19', '05:00:45', 'Ausente', -23.550525, -46.63331),
(47, 5, '2023-10-26', '07:14:46', 'Ausente', -23.55055, -46.633325),
(88, 1, '2023-10-24', '05:49:11', 'Ausente', -23.55053, -46.633315),
(48, 3, '2023-10-02', '02:38:19', 'Presente', -23.55053, -46.633315),
(73, 5, '2023-10-25', '03:46:45', 'Ausente', -23.55054, -46.63332),
(25, 1, '2023-10-11', '05:03:24', 'Ausente', -23.550525, -46.63331),
(80, 3, '2023-10-25', '09:50:23', 'Ausente', -23.55055, -46.633325),
(13, 3, '2023-10-08', '09:08:23', 'Presente', -23.55052, -46.633308),
(50, 3, '2023-10-02', '03:31:32', 'Ausente', -23.55054, -46.63332),
(62, 5, '2023-10-08', '04:46:20', 'Ausente', -23.55054, -46.63332),
(61, 1, '2023-10-08', '05:52:12', 'Ausente', -23.55053, -46.633315),
(46, 3, '2023-10-09', '01:41:59', 'Presente', -23.55052, -46.633308),
(2, 2, '2023-10-08', '02:36:47', 'Ausente', -23.55055, -46.633325),
(5, 1, '2023-10-17', '04:01:44', 'Presente', -23.55052, -46.633308),
(51, 2, '2023-10-03', '07:46:05', 'Presente', -23.55053, -46.633315),
(36, 1, '2023-10-24', '01:26:22', 'Ausente', -23.550525, -46.63331),
(71, 3, '2023-10-25', '02:44:20', 'Ausente', -23.55054, -46.63332),
(52, 4, '2023-10-10', '00:06:35', 'Presente', -23.550525, -46.63331),
(1, 5, '2023-10-22', '04:43:34', 'Ausente', -23.55053, -46.633315),
(90, 2, '2023-10-08', '05:48:18', 'Presente', -23.550525, -46.63331),
(11, 5, '2023-10-14', '08:46:57', 'Presente', -23.55052, -46.633308),
(66, 4, '2023-10-26', '00:57:24', 'Ausente', -23.55052, -46.633308),
(69, 1, '2023-10-04', '05:59:38', 'Presente', -23.55052, -46.633308),
(39, 2, '2023-10-24', '06:54:21', 'Presente', -23.55055, -46.633325),
(11, 2, '2023-10-24', '07:26:23', 'Presente', -23.55054, -46.63332),
(40, 5, '2023-10-07', '07:57:25', 'Ausente', -23.55052, -46.633308),
(72, 3, '2023-10-18', '06:52:32', 'Presente', -23.55054, -46.63332),
(29, 2, '2023-10-24', '09:16:32', 'Ausente', -23.55055, -46.633325),
(87, 3, '2023-10-29', '08:08:21', 'Presente', -23.55052, -46.633308),
(51, 4, '2023-10-10', '10:39:08', 'Presente', -23.55054, -46.63332),
(72, 2, '2023-10-06', '10:54:53', 'Ausente', -23.55054, -46.63332),
(96, 5, '2023-10-23', '02:00:09', 'Presente', -23.550525, -46.63331),
(28, 2, '2023-10-12', '02:54:18', 'Presente', -23.55052, -46.633308),
(8, 4, '2023-10-19', '04:11:36', 'Ausente', -23.55055, -46.633325),
(22, 5, '2023-10-17', '09:29:49', 'Ausente', -23.55053, -46.633315),
(37, 1, '2023-10-22', '02:42:27', 'Presente', -23.55053, -46.633315),
(50, 1, '2023-10-30', '06:34:10', 'Ausente', -23.550525, -46.63331),
(54, 1, '2023-10-04', '08:56:00', 'Ausente', -23.55052, -46.633308),
(26, 5, '2023-10-02', '08:40:02', 'Presente', -23.55053, -46.633315),
(83, 5, '2023-10-17', '08:03:42', 'Presente', -23.55052, -46.633308),
(70, 1, '2023-10-24', '07:15:45', 'Ausente', -23.550525, -46.63331),
(55, 2, '2023-10-08', '03:07:11', 'Presente', -23.55052, -46.633308),
(57, 5, '2023-10-04', '00:43:53', 'Presente', -23.55054, -46.63332),
(89, 1, '2023-10-16', '05:53:51', 'Presente', -23.55055, -46.633325),
(1, 2, '2023-10-02', '06:45:18', 'Presente', -23.55055, -46.633325),
(94, 5, '2023-10-12', '02:53:08', 'Ausente', -23.55052, -46.633308),
(79, 1, '2023-10-24', '00:07:11', 'Ausente', -23.55053, -46.633315),
(29, 4, '2023-10-15', '11:34:56', 'Ausente', -23.55055, -46.633325),
(62, 5, '2023-10-16', '02:41:36', 'Ausente', -23.55053, -46.633315),
(77, 2, '2023-10-06', '09:52:28', 'Ausente', -23.55054, -46.63332),
(92, 3, '2023-10-03', '04:40:15', 'Presente', -23.55055, -46.633325),
(76, 2, '2023-10-10', '00:57:16', 'Presente', -23.55052, -46.633308),
(35, 3, '2023-10-27', '02:25:31', 'Presente', -23.55053, -46.633315),
(81, 3, '2023-10-01', '00:02:03', 'Ausente', -23.55052, -46.633308),
(28, 3, '2023-10-27', '04:55:29', 'Ausente', -23.55054, -46.63332),
(10, 4, '2023-10-30', '05:55:42', 'Ausente', -23.55053, -46.633315),
(100, 1, '2023-10-30', '05:24:52', 'Presente', -23.55053, -46.633315),
(26, 5, '2023-10-11', '00:31:36', 'Ausente', -23.550525, -46.63331),
(60, 4, '2023-10-26', '08:40:12', 'Ausente', -23.55052, -46.633308),
(44, 3, '2023-10-23', '11:12:47', 'Ausente', -23.55054, -46.63332),
(88, 2, '2023-10-19', '00:25:35', 'Ausente', -23.550525, -46.63331),
(15, 5, '2023-10-14', '03:10:19', 'Ausente', -23.55055, -46.633325),
(40, 3, '2023-10-19', '07:42:00', 'Ausente', -23.550525, -46.63331),
(10, 1, '2023-10-23', '09:06:13', 'Presente', -23.55052, -46.633308),
(74, 4, '2023-10-23', '08:29:45', 'Presente', -23.550525, -46.63331),
(49, 2, '2023-10-18', '07:34:15', 'Presente', -23.55053, -46.633315),
(30, 1, '2023-10-22', '02:16:52', 'Presente', -23.55052, -46.633308),
(13, 5, '2023-10-07', '10:35:21', 'Presente', -23.55054, -46.63332),
(66, 3, '2023-10-08', '09:28:08', 'Presente', -23.55052, -46.633308),
(99, 4, '2023-10-06', '09:08:31', 'Presente', -23.55052, -46.633308),
(59, 5, '2023-10-28', '09:36:59', 'Ausente', -23.55052, -46.633308),
(90, 2, '2023-10-21', '03:32:13', 'Ausente', -23.55054, -46.63332),
(59, 5, '2023-10-07', '06:48:34', 'Presente', -23.55053, -46.633315),
(44, 4, '2023-10-03', '06:19:08', 'Presente', -23.55055, -46.633325),
(34, 5, '2023-10-24', '05:40:13', 'Presente', -23.550525, -46.63331),
(14, 4, '2023-10-12', '02:16:44', 'Ausente', -23.550525, -46.63331),
(71, 2, '2023-10-25', '02:07:40', 'Ausente', -23.55053, -46.633315),
(2, 1, '2023-10-20', '00:33:34', 'Ausente', -23.55055, -46.633325),
(59, 3, '2023-10-17', '00:45:11', 'Presente', -23.55055, -46.633325),
(69, 3, '2023-10-14', '11:07:58', 'Presente', -23.55054, -46.63332),
(14, 1, '2023-10-13', '07:34:53', 'Presente', -23.55054, -46.63332),
(21, 5, '2023-10-30', '07:02:32', 'Ausente', -23.55052, -46.633308),
(35, 4, '2023-10-15', '00:36:15', 'Ausente', -23.55052, -46.633308),
(52, 5, '2023-10-12', '06:59:20', 'Ausente', -23.55055, -46.633325),
(33, 3, '2023-10-19', '01:43:45', 'Presente', -23.550525, -46.63331),
(58, 1, '2023-10-01', '10:26:21', 'Presente', -23.55054, -46.63332),
(22, 3, '2023-10-17', '00:55:25', 'Presente', -23.55055, -46.633325),
(41, 4, '2023-10-19', '08:14:12', 'Ausente', -23.55053, -46.633315),
(39, 1, '2023-10-25', '09:06:25', 'Presente', -23.550525, -46.63331),
(64, 2, '2023-10-17', '05:18:49', 'Presente', -23.55052, -46.633308),
(81, 4, '2023-10-19', '05:03:20', 'Ausente', -23.550525, -46.63331),
(37, 2, '2023-10-05', '03:32:44', 'Ausente', -23.55054, -46.63332),
(82, 5, '2023-10-30', '02:43:03', 'Presente', -23.55053, -46.633315),
(60, 4, '2023-10-07', '03:43:21', 'Presente', -23.55053, -46.633315),
(82, 1, '2023-10-08', '04:24:51', 'Ausente', -23.55053, -46.633315),
(44, 4, '2023-10-06', '06:44:48', 'Presente', -23.55055, -46.633325),
(39, 5, '2023-10-20', '08:43:21', 'Ausente', -23.55053, -46.633315),
(31, 2, '2023-10-06', '11:54:33', 'Ausente', -23.55053, -46.633315),
(31, 4, '2023-10-28', '01:00:21', 'Presente', -23.55053, -46.633315),
(55, 4, '2023-10-09', '07:12:35', 'Ausente', -23.55053, -46.633315),
(76, 1, '2023-10-17', '08:36:43', 'Presente', -23.55052, -46.633308),
(67, 3, '2023-10-20', '09:05:56', 'Ausente', -23.55052, -46.633308),
(52, 4, '2023-10-04', '01:06:33', 'Ausente', -23.55053, -46.633315),
(95, 1, '2023-10-01', '01:17:21', 'Ausente', -23.55055, -46.633325),
(51, 5, '2023-10-29', '08:51:56', 'Presente', -23.55052, -46.633308),
(79, 1, '2023-10-18', '11:05:06', 'Ausente', -23.55055, -46.633325),
(29, 1, '2023-10-26', '04:45:57', 'Ausente', -23.55053, -46.633315),
(97, 5, '2023-10-24', '07:03:44', 'Ausente', -23.55055, -46.633325),
(11, 4, '2023-10-08', '06:16:18', 'Presente', -23.55052, -46.633308),
(79, 3, '2023-10-21', '08:11:45', 'Presente', -23.550525, -46.63331),
(100, 2, '2023-10-22', '03:33:27', 'Ausente', -23.55052, -46.633308),
(74, 3, '2023-10-09', '06:12:31', 'Presente', -23.55055, -46.633325),
(13, 4, '2023-10-28', '10:45:01', 'Presente', -23.55053, -46.633315),
(55, 3, '2023-10-30', '07:12:24', 'Presente', -23.55055, -46.633325),
(74, 4, '2023-10-27', '01:54:08', 'Ausente', -23.55055, -46.633325),
(98, 5, '2023-10-14', '07:43:49', 'Ausente', -23.55052, -46.633308),
(1, 4, '2023-10-19', '06:51:36', 'Presente', -23.55052, -46.633308),
(4, 5, '2023-10-30', '00:37:46', 'Presente', -23.55055, -46.633325),
(100, 1, '2023-10-23', '00:10:43', 'Ausente', -23.55054, -46.63332),
(76, 2, '2023-10-06', '00:31:25', 'Ausente', -23.55054, -46.63332),
(43, 3, '2023-10-29', '00:40:02', 'Ausente', -23.550525, -46.63331),
(79, 4, '2023-10-06', '01:07:08', 'Ausente', -23.55054, -46.63332),
(91, 2, '2023-10-24', '08:21:33', 'Ausente', -23.55055, -46.633325),
(33, 3, '2023-10-17', '05:42:56', 'Ausente', -23.55052, -46.633308),
(5, 5, '2023-10-09', '08:23:59', 'Presente', -23.55054, -46.63332),
(17, 2, '2023-10-16', '05:22:45', 'Presente', -23.55053, -46.633315),
(74, 3, '2023-10-23', '07:30:47', 'Ausente', -23.55052, -46.633308),
(82, 3, '2023-10-13', '05:45:47', 'Ausente', -23.55053, -46.633315),
(52, 2, '2023-10-18', '01:37:32', 'Presente', -23.55054, -46.63332),
(21, 5, '2023-10-26', '11:44:15', 'Presente', -23.550525, -46.63331),
(79, 5, '2023-10-12', '06:43:09', 'Ausente', -23.55054, -46.63332),
(9, 2, '2023-10-02', '02:35:48', 'Ausente', -23.55052, -46.633308),
(51, 5, '2023-10-13', '06:56:18', 'Presente', -23.550525, -46.63331),
(18, 3, '2023-10-04', '04:46:16', 'Presente', -23.55053, -46.633315),
(14, 4, '2023-10-07', '11:12:56', 'Presente', -23.550525, -46.63331),
(19, 2, '2023-10-19', '05:33:01', 'Ausente', -23.55055, -46.633325),
(14, 3, '2023-10-23', '11:33:42', 'Ausente', -23.55055, -46.633325),
(57, 1, '2023-10-05', '05:49:50', 'Ausente', -23.55053, -46.633315),
(46, 2, '2023-10-18', '07:45:29', 'Presente', -23.55055, -46.633325),
(83, 3, '2023-10-22', '02:07:45', 'Presente', -23.55052, -46.633308),
(60, 2, '2023-10-18', '08:20:04', 'Ausente', -23.550525, -46.63331),
(10, 3, '2023-10-28', '06:40:23', 'Ausente', -23.55052, -46.633308),
(97, 5, '2023-10-09', '03:47:02', 'Presente', -23.55054, -46.63332),
(6, 4, '2023-10-21', '07:13:06', 'Ausente', -23.550525, -46.63331),
(29, 4, '2023-10-10', '02:12:15', 'Presente', -23.550525, -46.63331),
(69, 4, '2023-10-12', '02:04:39', 'Presente', -23.550525, -46.63331),
(100, 5, '2023-10-10', '01:56:01', 'Presente', -23.55055, -46.633325),
(46, 1, '2023-10-04', '05:49:26', 'Presente', -23.55053, -46.633315),
(12, 3, '2023-10-08', '08:29:30', 'Presente', -23.55053, -46.633315),
(67, 3, '2023-10-04', '11:20:48', 'Ausente', -23.55052, -46.633308),
(88, 5, '2023-10-13', '01:04:33', 'Ausente', -23.550525, -46.63331),
(95, 1, '2023-10-30', '05:29:49', 'Ausente', -23.55052, -46.633308),
(64, 5, '2023-10-05', '01:31:44', 'Ausente', -23.55055, -46.633325),
(21, 2, '2023-10-14', '10:12:25', 'Ausente', -23.550525, -46.63331),
(39, 1, '2023-10-29', '11:18:06', 'Ausente', -23.55054, -46.63332),
(59, 4, '2023-10-22', '04:22:13', 'Presente', -23.550525, -46.63331),
(93, 2, '2023-10-23', '04:12:17', 'Ausente', -23.550525, -46.63331),
(42, 4, '2023-10-08', '07:18:08', 'Ausente', -23.55055, -46.633325),
(71, 2, '2023-10-07', '03:15:03', 'Ausente', -23.55052, -46.633308),
(73, 1, '2023-10-02', '09:43:44', 'Ausente', -23.55055, -46.633325),
(57, 4, '2023-10-04', '03:24:30', 'Ausente', -23.55053, -46.633315),
(54, 3, '2023-10-29', '01:18:56', 'Ausente', -23.55054, -46.63332),
(49, 5, '2023-10-20', '11:52:15', 'Ausente', -23.55053, -46.633315),
(32, 3, '2023-10-22', '06:52:39', 'Presente', -23.55054, -46.63332),
(29, 2, '2023-10-02', '03:31:36', 'Ausente', -23.55054, -46.63332),
(84, 4, '2023-10-25', '11:16:07', 'Ausente', -23.55055, -46.633325),
(71, 1, '2023-10-10', '02:18:24', 'Ausente', -23.55053, -46.633315),
(3, 1, '2023-10-05', '11:02:12', 'Presente', -23.55054, -46.63332),
(20, 5, '2023-10-23', '07:41:31', 'Presente', -23.55052, -46.633308),
(11, 3, '2023-10-03', '04:09:07', 'Presente', -23.55053, -46.633315),
(13, 3, '2023-10-29', '04:59:52', 'Ausente', -23.55053, -46.633315),
(54, 2, '2023-10-19', '00:50:50', 'Ausente', -23.55052, -46.633308),
(23, 1, '2023-10-01', '03:51:53', 'Ausente', -23.55052, -46.633308),
(69, 2, '2023-10-22', '11:30:20', 'Ausente', -23.550525, -46.63331),
(48, 4, '2023-10-05', '01:56:27', 'Presente', -23.55052, -46.633308),
(38, 4, '2023-10-14', '10:47:34', 'Presente', -23.55054, -46.63332),
(61, 5, '2023-10-17', '02:16:35', 'Presente', -23.55052, -46.633308),
(27, 4, '2023-10-29', '02:56:19', 'Ausente', -23.550525, -46.63331),
(64, 1, '2023-10-05', '07:38:05', 'Presente', -23.55052, -46.633308),
(12, 4, '2023-10-01', '00:19:25', 'Presente', -23.55052, -46.633308),
(54, 3, '2023-10-14', '10:06:39', 'Presente', -23.55053, -46.633315),
(36, 1, '2023-10-30', '03:19:24', 'Ausente', -23.55055, -46.633325),
(3, 1, '2023-10-11', '03:58:06', 'Ausente', -23.55052, -46.633308),
(3, 4, '2023-10-23', '09:45:36', 'Presente', -23.55052, -46.633308),
(8, 4, '2023-10-26', '10:34:55', 'Ausente', -23.550525, -46.63331),
(20, 2, '2023-10-22', '05:46:57', 'Ausente', -23.55055, -46.633325),
(94, 1, '2023-10-02', '00:19:15', 'Ausente', -23.550525, -46.63331),
(53, 1, '2023-10-16', '06:38:18', 'Presente', -23.55053, -46.633315),
(7, 4, '2023-10-08', '04:27:24', 'Ausente', -23.55054, -46.63332),
(40, 2, '2023-10-28', '11:35:16', 'Presente', -23.55052, -46.633308),
(65, 2, '2023-10-02', '05:06:13', 'Ausente', -23.55053, -46.633315),
(71, 4, '2023-10-20', '01:52:46', 'Presente', -23.55054, -46.63332),
(88, 1, '2023-10-12', '06:58:01', 'Presente', -23.550525, -46.63331),
(14, 2, '2023-10-26', '01:37:10', 'Ausente', -23.55053, -46.633315),
(32, 1, '2023-10-10', '05:13:29', 'Ausente', -23.55054, -46.63332),
(48, 5, '2023-10-15', '09:56:52', 'Presente', -23.55052, -46.633308),
(46, 5, '2023-10-13', '03:54:27', 'Ausente', -23.550525, -46.63331),
(40, 4, '2023-10-04', '01:17:32', 'Ausente', -23.55054, -46.63332),
(88, 5, '2023-10-02', '01:48:48', 'Ausente', -23.55052, -46.633308),
(40, 5, '2023-10-08', '09:56:42', 'Ausente', -23.55052, -46.633308),
(63, 4, '2023-10-29', '02:53:45', 'Presente', -23.55053, -46.633315),
(96, 2, '2023-10-28', '09:23:33', 'Ausente', -23.55054, -46.63332),
(70, 4, '2023-10-22', '09:14:33', 'Presente', -23.55052, -46.633308),
(23, 2, '2023-10-13', '02:36:28', 'Ausente', -23.55053, -46.633315),
(39, 1, '2023-10-07', '07:59:42', 'Ausente', -23.55055, -46.633325),
(46, 5, '2023-10-18', '06:05:48', 'Presente', -23.55054, -46.63332),
(89, 3, '2023-10-26', '07:24:16', 'Ausente', -23.55054, -46.63332),
(5, 3, '2023-10-02', '07:55:11', 'Presente', -23.55054, -46.63332),
(82, 1, '2023-10-06', '08:38:41', 'Ausente', -23.55055, -46.633325),
(49, 3, '2023-10-28', '09:34:31', 'Presente', -23.55055, -46.633325),
(60, 2, '2023-10-01', '03:41:01', 'Ausente', -23.550525, -46.63331),
(29, 2, '2023-10-25', '09:57:38', 'Ausente', -23.55055, -46.633325),
(49, 1, '2023-10-20', '08:54:10', 'Ausente', -23.55052, -46.633308),
(79, 2, '2023-10-02', '03:10:51', 'Presente', -23.55052, -46.633308),
(65, 4, '2023-10-22', '07:31:35', 'Ausente', -23.55052, -46.633308),
(61, 2, '2023-10-07', '02:30:56', 'Presente', -23.55055, -46.633325),
(16, 4, '2023-10-10', '04:59:31', 'Presente', -23.55053, -46.633315),
(53, 1, '2023-10-08', '05:00:21', 'Ausente', -23.55054, -46.63332),
(85, 2, '2023-10-22', '04:23:02', 'Ausente', -23.550525, -46.63331),
(77, 3, '2023-10-23', '08:45:22', 'Ausente', -23.55055, -46.633325),
(18, 4, '2023-10-21', '01:47:16', 'Ausente', -23.550525, -46.63331),
(100, 2, '2023-10-06', '10:35:00', 'Ausente', -23.55054, -46.63332),
(77, 1, '2023-10-08', '08:46:39', 'Presente', -23.55055, -46.633325),
(47, 2, '2023-10-18', '05:34:15', 'Presente', -23.55053, -46.633315),
(66, 5, '2023-10-30', '11:32:56', 'Ausente', -23.55052, -46.633308),
(38, 1, '2023-10-12', '00:47:25', 'Presente', -23.550525, -46.63331),
(41, 2, '2023-10-21', '04:03:34', 'Presente', -23.55054, -46.63332),
(97, 4, '2023-10-07', '06:12:39', 'Ausente', -23.55052, -46.633308),
(78, 1, '2023-10-08', '03:25:26', 'Ausente', -23.55053, -46.633315),
(7, 3, '2023-10-25', '01:31:24', 'Ausente', -23.55055, -46.633325),
(65, 1, '2023-10-26', '07:55:35', 'Ausente', -23.550525, -46.63331),
(21, 3, '2023-10-12', '05:48:11', 'Ausente', -23.55054, -46.63332),
(6, 1, '2023-10-12', '03:05:07', 'Ausente', -23.55053, -46.633315),
(79, 3, '2023-10-11', '01:20:17', 'Ausente', -23.55055, -46.633325),
(82, 1, '2023-10-27', '08:20:06', 'Ausente', -23.55055, -46.633325),
(21, 2, '2023-10-21', '06:38:20', 'Presente', -23.55053, -46.633315),
(88, 3, '2023-10-07', '05:03:18', 'Ausente', -23.550525, -46.63331),
(27, 5, '2023-10-16', '04:47:18', 'Ausente', -23.550525, -46.63331),
(4, 5, '2023-10-15', '10:15:13', 'Presente', -23.55052, -46.633308),
(72, 3, '2023-10-29', '11:04:29', 'Ausente', -23.55055, -46.633325),
(25, 3, '2023-10-17', '02:04:14', 'Presente', -23.55054, -46.63332),
(49, 3, '2023-10-25', '06:00:30', 'Presente', -23.55055, -46.633325),
(13, 5, '2023-10-16', '05:11:33', 'Presente', -23.55053, -46.633315),
(96, 3, '2023-10-19', '08:40:34', 'Presente', -23.550525, -46.63331),
(79, 4, '2023-10-04', '06:56:35', 'Presente', -23.550525, -46.63331),
(59, 5, '2023-10-05', '10:53:45', 'Ausente', -23.550525, -46.63331),
(28, 4, '2023-10-24', '05:18:33', 'Presente', -23.55052, -46.633308),
(75, 1, '2023-10-27', '08:26:47', 'Presente', -23.55053, -46.633315),
(62, 5, '2023-10-22', '05:46:39', 'Ausente', -23.55052, -46.633308),
(58, 5, '2023-10-28', '03:17:00', 'Presente', -23.55055, -46.633325),
(85, 5, '2023-10-20', '06:23:47', 'Ausente', -23.55053, -46.633315),
(67, 2, '2023-10-16', '04:58:37', 'Ausente', -23.55053, -46.633315),
(31, 1, '2023-10-24', '04:03:18', 'Ausente', -23.55054, -46.63332),
(92, 4, '2023-10-03', '01:15:24', 'Presente', -23.55053, -46.633315),
(10, 1, '2023-10-30', '11:44:03', 'Presente', -23.55053, -46.633315),
(51, 5, '2023-10-25', '08:58:39', 'Ausente', -23.55053, -46.633315),
(52, 1, '2023-10-22', '10:16:22', 'Presente', -23.55052, -46.633308),
(97, 2, '2023-10-12', '01:53:49', 'Presente', -23.550525, -46.63331),
(27, 1, '2023-10-10', '09:42:11', 'Ausente', -23.550525, -46.63331),
(3, 4, '2023-10-21', '04:06:52', 'Ausente', -23.55053, -46.633315),
(54, 3, '2023-10-16', '00:21:00', 'Ausente', -23.55054, -46.63332),
(13, 5, '2023-10-14', '01:29:27', 'Ausente', -23.55055, -46.633325),
(50, 4, '2023-10-08', '10:50:52', 'Ausente', -23.55055, -46.633325),
(95, 2, '2023-10-06', '08:15:41', 'Presente', -23.55052, -46.633308),
(63, 2, '2023-10-11', '06:16:34', 'Presente', -23.55055, -46.633325),
(19, 2, '2023-10-11', '10:03:33', 'Ausente', -23.55054, -46.63332),
(85, 1, '2023-10-23', '11:52:56', 'Ausente', -23.550525, -46.63331),
(1, 1, '2023-10-07', '02:52:02', 'Presente', -23.55053, -46.633315),
(85, 4, '2023-10-03', '07:55:36', 'Ausente', -23.55055, -46.633325),
(90, 2, '2023-10-12', '03:48:44', 'Ausente', -23.55052, -46.633308),
(26, 3, '2023-10-03', '08:31:18', 'Ausente', -23.55054, -46.63332),
(2, 1, '2023-10-20', '00:58:34', 'Ausente', -23.550525, -46.63331),
(31, 5, '2023-10-30', '11:25:47', 'Ausente', -23.55054, -46.63332),
(4, 4, '2023-10-22', '09:42:28', 'Presente', -23.55052, -46.633308),
(94, 2, '2023-10-26', '09:31:52', 'Presente', -23.55054, -46.63332),
(17, 4, '2023-10-10', '09:07:21', 'Presente', -23.550525, -46.63331),
(13, 3, '2023-10-28', '09:58:51', 'Presente', -23.55052, -46.633308),
(1, 1, '2023-10-04', '11:12:06', 'Ausente', -23.55053, -46.633315),
(54, 1, '2023-10-03', '07:30:50', 'Ausente', -23.55053, -46.633315),
(82, 1, '2023-10-01', '04:15:57', 'Ausente', -23.55052, -46.633308),
(69, 3, '2023-10-09', '04:17:02', 'Ausente', -23.550525, -46.63331),
(69, 1, '2023-10-03', '01:48:33', 'Presente', -23.55055, -46.633325),
(84, 1, '2023-10-29', '06:44:47', 'Presente', -23.55053, -46.633315),
(56, 2, '2023-10-08', '02:29:19', 'Ausente', -23.550525, -46.63331),
(50, 1, '2023-10-21', '11:22:59', 'Presente', -23.55053, -46.633315),
(22, 5, '2023-10-29', '05:40:12', 'Ausente', -23.55053, -46.633315),
(21, 4, '2023-10-15', '11:55:51', 'Ausente', -23.55054, -46.63332),
(99, 4, '2023-10-09', '04:59:59', 'Ausente', -23.550525, -46.63331),
(14, 2, '2023-10-21', '02:21:18', 'Ausente', -23.55052, -46.633308),
(78, 1, '2023-10-14', '05:03:02', 'Presente', -23.55054, -46.63332),
(14, 5, '2023-10-16', '10:25:15', 'Ausente', -23.55052, -46.633308),
(54, 1, '2023-10-03', '11:04:42', 'Ausente', -23.55053, -46.633315),
(94, 2, '2023-10-16', '07:31:05', 'Presente', -23.550525, -46.63331),
(96, 5, '2023-10-07', '00:15:47', 'Presente', -23.55055, -46.633325),
(33, 5, '2023-10-12', '06:43:42', 'Ausente', -23.55052, -46.633308),
(41, 2, '2023-10-09', '10:05:08', 'Ausente', -23.55052, -46.633308),
(96, 2, '2023-10-23', '06:29:31', 'Presente', -23.55054, -46.63332),
(35, 3, '2023-10-21', '01:27:52', 'Presente', -23.55054, -46.63332),
(76, 5, '2023-10-03', '03:35:47', 'Presente', -23.55052, -46.633308),
(41, 2, '2023-10-21', '03:19:30', 'Presente', -23.55053, -46.633315),
(77, 3, '2023-10-29', '07:18:16', 'Presente', -23.55053, -46.633315),
(86, 5, '2023-10-05', '06:36:12', 'Presente', -23.550525, -46.63331),
(12, 1, '2023-10-21', '03:02:20', 'Presente', -23.55054, -46.63332),
(93, 1, '2023-10-13', '05:17:39', 'Presente', -23.55054, -46.63332),
(93, 2, '2023-10-16', '04:06:37', 'Ausente', -23.55052, -46.633308),
(35, 1, '2023-10-11', '00:09:59', 'Ausente', -23.550525, -46.63331),
(72, 4, '2023-10-27', '10:45:50', 'Ausente', -23.55054, -46.63332),
(11, 5, '2023-10-05', '07:38:26', 'Ausente', -23.550525, -46.63331),
(76, 4, '2023-10-20', '01:29:18', 'Ausente', -23.55053, -46.633315),
(59, 2, '2023-10-08', '03:54:38', 'Presente', -23.55053, -46.633315),
(70, 2, '2023-10-06', '11:35:08', 'Ausente', -23.55052, -46.633308),
(49, 4, '2023-10-08', '08:01:29', 'Presente', -23.550525, -46.63331),
(13, 1, '2023-10-03', '09:31:12', 'Presente', -23.55055, -46.633325),
(100, 3, '2023-10-14', '06:09:54', 'Ausente', -23.55053, -46.633315),
(7, 2, '2023-10-15', '09:15:17', 'Presente', -23.55055, -46.633325),
(44, 4, '2023-10-09', '04:06:07', 'Ausente', -23.550525, -46.63331),
(69, 3, '2023-10-23', '04:21:16', 'Presente', -23.55054, -46.63332),
(45, 1, '2023-10-09', '04:50:40', 'Ausente', -23.55055, -46.633325),
(43, 3, '2023-10-08', '01:58:51', 'Presente', -23.55055, -46.633325),
(11, 4, '2023-10-01', '06:36:18', 'Presente', -23.55054, -46.63332),
(79, 5, '2023-10-04', '00:35:17', 'Presente', -23.55055, -46.633325),
(65, 4, '2023-10-22', '02:33:07', 'Presente', -23.55052, -46.633308),
(64, 2, '2023-10-10', '00:01:42', 'Ausente', -23.55055, -46.633325),
(11, 3, '2023-10-23', '06:03:13', 'Presente', -23.55053, -46.633315),
(71, 3, '2023-10-10', '08:24:52', 'Presente', -23.55054, -46.63332),
(61, 4, '2023-10-24', '07:23:54', 'Presente', -23.55052, -46.633308),
(57, 1, '2023-10-09', '10:19:35', 'Ausente', -23.550525, -46.63331),
(68, 5, '2023-10-04', '00:12:40', 'Ausente', -23.550525, -46.63331),
(24, 1, '2023-10-19', '11:27:19', 'Presente', -23.55054, -46.63332),
(97, 1, '2023-10-19', '09:48:54', 'Ausente', -23.55054, -46.63332),
(83, 5, '2023-10-05', '02:57:37', 'Presente', -23.550525, -46.63331),
(71, 1, '2023-10-20', '00:58:00', 'Presente', -23.55052, -46.633308),
(63, 4, '2023-10-18', '00:30:41', 'Ausente', -23.55052, -46.633308),
(93, 1, '2023-10-05', '11:39:31', 'Ausente', -23.55053, -46.633315),
(93, 4, '2023-10-22', '00:45:52', 'Ausente', -23.55052, -46.633308),
(3, 5, '2023-10-26', '08:52:45', 'Ausente', -23.55054, -46.63332),
(96, 1, '2023-10-07', '02:46:24', 'Ausente', -23.550525, -46.63331),
(25, 1, '2023-10-16', '03:34:05', 'Ausente', -23.55055, -46.633325),
(84, 5, '2023-10-09', '01:42:27', 'Ausente', -23.55055, -46.633325),
(69, 2, '2023-10-06', '04:51:11', 'Ausente', -23.55052, -46.633308),
(3, 3, '2023-10-26', '07:55:26', 'Ausente', -23.55053, -46.633315),
(78, 5, '2023-10-20', '09:03:06', 'Ausente', -23.55055, -46.633325),
(73, 3, '2023-10-10', '10:53:21', 'Ausente', -23.55054, -46.63332),
(37, 5, '2023-10-09', '08:08:44', 'Ausente', -23.55052, -46.633308),
(72, 4, '2023-10-18', '11:12:57', 'Ausente', -23.55052, -46.633308),
(19, 5, '2023-10-09', '11:08:39', 'Presente', -23.55053, -46.633315),
(67, 2, '2023-10-28', '08:52:19', 'Presente', -23.550525, -46.63331),
(20, 1, '2023-10-24', '07:01:03', 'Presente', -23.55054, -46.63332),
(40, 4, '2023-10-07', '07:03:59', 'Presente', -23.55055, -46.633325),
(95, 3, '2023-10-12', '02:06:40', 'Presente', -23.55053, -46.633315),
(77, 5, '2023-10-12', '09:48:24', 'Ausente', -23.550525, -46.63331),
(22, 3, '2023-10-26', '08:06:26', 'Ausente', -23.55055, -46.633325),
(91, 1, '2023-10-24', '08:18:55', 'Presente', -23.55054, -46.63332),
(1, 5, '2023-10-18', '03:33:52', 'Ausente', -23.550525, -46.63331),
(83, 2, '2023-10-09', '05:07:17', 'Ausente', -23.55052, -46.633308),
(58, 5, '2023-10-22', '04:00:30', 'Ausente', -23.550525, -46.63331),
(32, 5, '2023-10-02', '03:35:51', 'Presente', -23.550525, -46.63331),
(99, 2, '2023-10-20', '08:29:41', 'Ausente', -23.55053, -46.633315),
(10, 4, '2023-10-02', '04:08:41', 'Presente', -23.550525, -46.63331),
(6, 5, '2023-10-30', '04:11:47', 'Ausente', -23.55052, -46.633308),
(81, 4, '2023-10-08', '10:00:04', 'Presente', -23.55054, -46.63332),
(72, 4, '2023-10-22', '08:11:26', 'Presente', -23.55052, -46.633308),
(2, 5, '2023-10-15', '05:19:42', 'Ausente', -23.55052, -46.633308),
(48, 2, '2023-10-20', '03:18:58', 'Ausente', -23.55055, -46.633325),
(58, 2, '2023-10-24', '00:41:02', 'Ausente', -23.550525, -46.63331),
(23, 1, '2023-10-13', '06:02:47', 'Presente', -23.550525, -46.63331),
(49, 5, '2023-10-07', '06:00:36', 'Presente', -23.55053, -46.633315),
(43, 4, '2023-10-06', '02:56:19', 'Ausente', -23.55054, -46.63332),
(85, 5, '2023-10-15', '11:44:32', 'Ausente', -23.55052, -46.633308),
(65, 4, '2023-10-09', '05:18:00', 'Presente', -23.550525, -46.63331),
(45, 4, '2023-10-15', '06:25:42', 'Presente', -23.55054, -46.63332),
(66, 5, '2023-10-25', '10:51:52', 'Ausente', -23.55052, -46.633308),
(92, 3, '2023-10-05', '10:51:24', 'Ausente', -23.55054, -46.63332),
(5, 4, '2023-10-14', '11:47:24', 'Ausente', -23.55052, -46.633308),
(73, 3, '2023-10-17', '08:01:43', 'Presente', -23.55052, -46.633308),
(20, 1, '2023-10-28', '06:47:44', 'Presente', -23.55054, -46.63332),
(89, 5, '2023-10-14', '02:36:18', 'Presente', -23.55052, -46.633308),
(80, 4, '2023-10-26', '07:17:56', 'Presente', -23.55054, -46.63332),
(20, 1, '2023-10-20', '07:45:20', 'Ausente', -23.55052, -46.633308),
(68, 4, '2023-10-21', '04:05:17', 'Ausente', -23.55052, -46.633308),
(63, 4, '2023-10-27', '04:02:06', 'Ausente', -23.550525, -46.63331),
(61, 3, '2023-10-04', '09:06:57', 'Ausente', -23.55054, -46.63332),
(93, 2, '2023-10-15', '01:21:58', 'Ausente', -23.55055, -46.633325),
(17, 1, '2023-10-02', '06:50:17', 'Presente', -23.55054, -46.63332),
(21, 5, '2023-10-29', '00:38:52', 'Ausente', -23.55054, -46.63332),
(81, 3, '2023-10-20', '10:01:57', 'Ausente', -23.55052, -46.633308),
(38, 5, '2023-10-01', '05:52:48', 'Ausente', -23.55052, -46.633308),
(65, 4, '2023-10-13', '04:43:13', 'Presente', -23.55052, -46.633308),
(86, 2, '2023-10-16', '11:31:17', 'Presente', -23.55055, -46.633325),
(15, 4, '2023-10-05', '00:19:34', 'Ausente', -23.55052, -46.633308),
(5, 1, '2023-10-21', '05:58:11', 'Presente', -23.550525, -46.63331),
(65, 2, '2023-10-16', '04:45:26', 'Ausente', -23.550525, -46.63331),
(64, 4, '2023-10-09', '03:23:18', 'Presente', -23.55052, -46.633308),
(38, 3, '2023-10-11', '10:35:08', 'Ausente', -23.55052, -46.633308),
(95, 5, '2023-10-03', '02:05:20', 'Presente', -23.55052, -46.633308),
(94, 5, '2023-10-17', '11:04:53', 'Presente', -23.55053, -46.633315),
(2, 3, '2023-10-16', '07:12:31', 'Ausente', -23.550525, -46.63331),
(4, 3, '2023-10-18', '02:20:45', 'Presente', -23.550525, -46.63331),
(17, 4, '2023-10-10', '09:25:55', 'Presente', -23.55052, -46.633308),
(53, 3, '2023-10-28', '04:34:50', 'Ausente', -23.55054, -46.63332),
(93, 4, '2023-10-21', '08:20:54', 'Ausente', -23.55054, -46.63332),
(18, 5, '2023-10-09', '04:30:23', 'Ausente', -23.55053, -46.633315),
(52, 4, '2023-10-17', '05:26:24', 'Ausente', -23.550525, -46.63331),
(87, 2, '2023-10-20', '07:56:50', 'Ausente', -23.55054, -46.63332),
(77, 3, '2023-10-29', '08:33:44', 'Ausente', -23.55053, -46.633315),
(59, 5, '2023-10-05', '07:50:20', 'Presente', -23.550525, -46.63331),
(75, 2, '2023-10-05', '09:20:24', 'Presente', -23.55053, -46.633315),
(92, 5, '2023-10-05', '03:24:40', 'Ausente', -23.55053, -46.633315),
(69, 3, '2023-10-03', '07:16:29', 'Presente', -23.550525, -46.63331),
(39, 5, '2023-10-29', '05:14:03', 'Presente', -23.550525, -46.63331),
(97, 4, '2023-10-24', '03:21:08', 'Presente', -23.55053, -46.633315),
(75, 4, '2023-10-17', '02:44:09', 'Presente', -23.55052, -46.633308),
(10, 1, '2023-10-30', '02:05:18', 'Ausente', -23.55052, -46.633308),
(34, 1, '2023-10-12', '09:33:10', 'Presente', -23.55054, -46.63332),
(83, 4, '2023-10-02', '06:54:09', 'Ausente', -23.55052, -46.633308),
(89, 3, '2023-10-25', '04:11:43', 'Presente', -23.55055, -46.633325),
(41, 3, '2023-10-07', '02:35:38', 'Presente', -23.55054, -46.63332),
(92, 5, '2023-10-01', '07:12:03', 'Presente', -23.550525, -46.63331),
(6, 2, '2023-10-13', '00:00:34', 'Presente', -23.55052, -46.633308),
(22, 5, '2023-10-07', '10:01:00', 'Ausente', -23.55054, -46.63332),
(42, 2, '2023-10-14', '07:38:59', 'Ausente', -23.55052, -46.633308),
(48, 2, '2023-10-18', '05:53:14', 'Ausente', -23.55053, -46.633315),
(97, 4, '2023-10-15', '06:21:37', 'Ausente', -23.55052, -46.633308),
(78, 4, '2023-10-20', '05:55:00', 'Ausente', -23.55053, -46.633315),
(25, 4, '2023-10-14', '03:42:51', 'Ausente', -23.55052, -46.633308),
(2, 3, '2023-10-22', '06:28:26', 'Presente', -23.55055, -46.633325),
(16, 5, '2023-10-27', '08:30:59', 'Presente', -23.55054, -46.63332),
(83, 5, '2023-10-01', '02:50:24', 'Ausente', -23.55053, -46.633315),
(50, 3, '2023-10-19', '00:41:23', 'Presente', -23.55055, -46.633325),
(14, 4, '2023-10-30', '03:54:08', 'Ausente', -23.550525, -46.63331),
(71, 3, '2023-10-17', '05:55:55', 'Presente', -23.55055, -46.633325),
(91, 1, '2023-10-11', '04:30:32', 'Presente', -23.55052, -46.633308),
(79, 5, '2023-10-21', '03:20:34', 'Ausente', -23.55055, -46.633325),
(70, 5, '2023-10-21', '00:17:12', 'Ausente', -23.55052, -46.633308),
(80, 3, '2023-10-30', '05:20:32', 'Ausente', -23.550525, -46.63331),
(47, 2, '2023-10-09', '06:35:44', 'Ausente', -23.550525, -46.63331),
(60, 5, '2023-10-19', '11:15:33', 'Ausente', -23.55055, -46.633325),
(82, 5, '2023-10-05', '06:42:41', 'Ausente', -23.55055, -46.633325),
(52, 4, '2023-10-15', '09:21:20', 'Presente', -23.55052, -46.633308),
(18, 4, '2023-10-02', '07:16:11', 'Presente', -23.55052, -46.633308),
(9, 3, '2023-10-16', '07:53:23', 'Ausente', -23.550525, -46.63331),
(59, 4, '2023-10-13', '08:19:16', 'Ausente', -23.55054, -46.63332),
(89, 4, '2023-10-23', '03:37:14', 'Presente', -23.55055, -46.633325),
(100, 5, '2023-10-07', '10:35:03', 'Presente', -23.55055, -46.633325),
(20, 4, '2023-10-23', '08:37:50', 'Presente', -23.55055, -46.633325),
(35, 5, '2023-10-19', '01:23:39', 'Ausente', -23.55055, -46.633325),
(8, 5, '2023-10-29', '06:14:20', 'Ausente', -23.55055, -46.633325),
(28, 3, '2023-10-06', '00:42:38', 'Presente', -23.55055, -46.633325),
(2, 5, '2023-10-11', '10:20:37', 'Presente', -23.55053, -46.633315),
(19, 1, '2023-10-25', '06:34:37', 'Presente', -23.55054, -46.63332),
(100, 4, '2023-10-09', '05:48:44', 'Ausente', -23.550525, -46.63331),
(17, 4, '2023-10-25', '00:40:09', 'Presente', -23.550525, -46.63331),
(17, 5, '2023-10-14', '07:51:24', 'Presente', -23.550525, -46.63331),
(8, 3, '2023-10-17', '06:34:44', 'Presente', -23.55055, -46.633325),
(6, 2, '2023-10-08', '02:03:14', 'Ausente', -23.55054, -46.63332),
(64, 5, '2023-10-07', '04:43:44', 'Ausente', -23.55055, -46.633325),
(37, 3, '2023-10-27', '07:46:41', 'Ausente', -23.55052, -46.633308),
(45, 5, '2023-10-24', '11:03:32', 'Presente', -23.55055, -46.633325),
(14, 3, '2023-10-29', '04:56:18', 'Presente', -23.55052, -46.633308),
(31, 3, '2023-10-05', '02:36:15', 'Presente', -23.55055, -46.633325),
(2, 2, '2023-10-04', '06:27:47', 'Ausente', -23.55055, -46.633325),
(15, 5, '2023-10-23', '03:19:16', 'Ausente', -23.55054, -46.63332),
(29, 4, '2023-10-25', '01:00:15', 'Presente', -23.55052, -46.633308),
(27, 4, '2023-10-08', '05:52:56', 'Ausente', -23.55052, -46.633308),
(26, 2, '2023-10-22', '01:07:12', 'Ausente', -23.55055, -46.633325),
(83, 3, '2023-10-30', '11:18:09', 'Ausente', -23.55053, -46.633315),
(44, 4, '2023-10-02', '07:48:24', 'Ausente', -23.55052, -46.633308),
(19, 3, '2023-10-04', '01:36:59', 'Ausente', -23.55052, -46.633308),
(80, 2, '2023-10-08', '08:28:04', 'Ausente', -23.55055, -46.633325),
(4, 3, '2023-10-28', '07:01:54', 'Presente', -23.550525, -46.63331),
(26, 2, '2023-10-23', '08:10:10', 'Presente', -23.55053, -46.633315),
(98, 4, '2023-10-16', '06:35:28', 'Ausente', -23.55055, -46.633325),
(61, 2, '2023-10-03', '05:49:21', 'Presente', -23.55052, -46.633308),
(99, 1, '2023-10-29', '08:45:59', 'Ausente', -23.55052, -46.633308),
(73, 2, '2023-10-14', '01:16:25', 'Ausente', -23.550525, -46.63331),
(67, 5, '2023-10-13', '04:34:09', 'Presente', -23.550525, -46.63331),
(55, 5, '2023-10-20', '00:28:01', 'Presente', -23.55052, -46.633308),
(87, 4, '2023-10-22', '11:35:02', 'Presente', -23.55052, -46.633308),
(63, 1, '2023-10-25', '08:32:43', 'Presente', -23.55053, -46.633315),
(22, 4, '2023-10-16', '00:49:19', 'Ausente', -23.550525, -46.63331),
(58, 4, '2023-10-09', '10:49:54', 'Ausente', -23.550525, -46.63331),
(7, 2, '2023-10-27', '06:50:49', 'Presente', -23.55055, -46.633325),
(17, 5, '2023-10-24', '10:59:59', 'Ausente', -23.55053, -46.633315),
(27, 1, '2023-10-01', '05:35:04', 'Ausente', -23.55053, -46.633315),
(68, 3, '2023-10-13', '10:59:05', 'Presente', -23.55055, -46.633325),
(62, 4, '2023-10-13', '01:34:26', 'Ausente', -23.55054, -46.63332),
(93, 4, '2023-10-14', '07:36:57', 'Ausente', -23.55053, -46.633315),
(72, 3, '2023-10-12', '08:07:15', 'Presente', -23.550525, -46.63331),
(67, 1, '2023-10-26', '07:26:03', 'Ausente', -23.55055, -46.633325),
(70, 5, '2023-10-11', '04:40:41', 'Ausente', -23.55055, -46.633325),
(19, 4, '2023-10-17', '06:30:32', 'Presente', -23.550525, -46.63331),
(32, 1, '2023-10-18', '02:33:17', 'Presente', -23.550525, -46.63331),
(99, 2, '2023-10-06', '02:48:29', 'Presente', -23.55054, -46.63332),
(42, 3, '2023-10-19', '02:14:55', 'Ausente', -23.55052, -46.633308),
(74, 3, '2023-10-07', '00:14:18', 'Ausente', -23.55055, -46.633325),
(9, 5, '2023-10-07', '03:21:38', 'Presente', -23.55053, -46.633315),
(32, 4, '2023-10-10', '11:56:10', 'Ausente', -23.55054, -46.63332),
(57, 1, '2023-10-21', '03:53:26', 'Presente', -23.55052, -46.633308),
(91, 1, '2023-10-30', '05:30:21', 'Ausente', -23.550525, -46.63331),
(37, 1, '2023-10-18', '06:06:13', 'Ausente', -23.55052, -46.633308),
(92, 5, '2023-10-20', '07:18:13', 'Ausente', -23.550525, -46.63331),
(100, 2, '2023-10-15', '00:07:18', 'Presente', -23.55052, -46.633308),
(72, 2, '2023-10-05', '05:50:11', 'Ausente', -23.55052, -46.633308),
(95, 3, '2023-10-23', '03:58:33', 'Ausente', -23.55053, -46.633315),
(87, 1, '2023-10-20', '03:03:14', 'Ausente', -23.55052, -46.633308),
(99, 2, '2023-10-06', '07:43:25', 'Ausente', -23.55052, -46.633308),
(76, 5, '2023-10-11', '07:15:29', 'Ausente', -23.55055, -46.633325),
(2, 1, '2023-10-22', '10:31:29', 'Ausente', -23.55052, -46.633308),
(34, 4, '2023-10-11', '04:50:27', 'Presente', -23.55053, -46.633315),
(94, 2, '2023-10-16', '10:15:27', 'Ausente', -23.55053, -46.633315),
(90, 2, '2023-10-15', '11:31:29', 'Ausente', -23.55055, -46.633325),
(29, 1, '2023-10-24', '01:06:57', 'Presente', -23.550525, -46.63331),
(76, 5, '2023-10-13', '10:54:24', 'Ausente', -23.55053, -46.633315),
(44, 4, '2023-10-11', '08:50:24', 'Ausente', -23.550525, -46.63331),
(35, 3, '2023-10-29', '06:16:33', 'Ausente', -23.55053, -46.633315),
(66, 1, '2023-10-15', '10:52:36', 'Ausente', -23.55055, -46.633325),
(32, 2, '2023-10-07', '00:02:46', 'Presente', -23.55055, -46.633325),
(26, 2, '2023-10-13', '01:51:51', 'Ausente', -23.55052, -46.633308),
(50, 2, '2023-10-12', '05:24:27', 'Ausente', -23.55052, -46.633308),
(1, 5, '2023-10-15', '11:29:53', 'Presente', -23.55052, -46.633308),
(47, 2, '2023-10-26', '10:36:29', 'Ausente', -23.55054, -46.63332),
(68, 4, '2023-10-05', '06:23:14', 'Ausente', -23.55055, -46.633325),
(97, 5, '2023-10-30', '07:38:58', 'Ausente', -23.55054, -46.63332),
(67, 3, '2023-10-23', '04:43:01', 'Ausente', -23.55053, -46.633315),
(97, 4, '2023-10-04', '10:25:19', 'Presente', -23.55054, -46.63332),
(47, 1, '2023-10-28', '01:29:29', 'Presente', -23.550525, -46.63331),
(28, 4, '2023-10-01', '03:11:46', 'Ausente', -23.55054, -46.63332),
(21, 4, '2023-10-25', '10:30:57', 'Presente', -23.550525, -46.63331),
(65, 5, '2023-10-13', '10:53:57', 'Ausente', -23.550525, -46.63331),
(27, 4, '2023-10-22', '06:21:42', 'Ausente', -23.550525, -46.63331),
(16, 1, '2023-10-01', '05:07:32', 'Ausente', -23.55054, -46.63332),
(54, 4, '2023-10-15', '09:06:31', 'Presente', -23.55054, -46.63332),
(68, 4, '2023-10-22', '04:24:01', 'Presente', -23.55053, -46.633315),
(15, 4, '2023-10-20', '09:29:07', 'Presente', -23.55055, -46.633325);


-- Calcular Faltas e Presenças por Disciplina usando parte do nome da disciplina
DELIMITER //

CREATE PROCEDURE calcular_faltas_presencas_disciplina_nome_parcial(
    IN ra_aluno VARCHAR(20),
    IN nome_parcial_disciplina VARCHAR(100)
)
BEGIN
    SELECT 
        a.nome AS Aluno,
        d.nome_disciplina AS Disciplina,
        COUNT(CASE WHEN rp.status_presenca = 'Presente' THEN 1 END) AS "Total Presencas",
        COUNT(CASE WHEN rp.status_presenca = 'Ausente' THEN 1 END) AS "Total Faltas"
    FROM 
        registro_presenca rp
    JOIN 
        aula au ON rp.idaula = au.idaula
    JOIN 
        grade_horaria g ON au.id_grade = g.id_grade
    JOIN 
        disciplina d ON g.iddisciplina = d.iddisciplina
    JOIN 
        aluno a ON rp.idaluno = a.idaluno
    WHERE 
        a.ra = ra_aluno
        AND d.nome_disciplina LIKE CONCAT('%', nome_parcial_disciplina, '%')
    GROUP BY 
        a.nome, d.nome_disciplina;
END //

DELIMITER ;

-- Calcular Faltas e Presenças por Módulo

DELIMITER //

CREATE PROCEDURE calcular_faltas_presencas_modulo_ra(
    IN ra_aluno VARCHAR(20),
    IN modulo INT
)
BEGIN
    SELECT 
        a.nome AS NomeAluno,
        c.nomeCurso AS Curso,
        a.modulo AS Modulo,
        COUNT(CASE WHEN rp.status_presenca = 'Presente' THEN 1 END) AS TotalPresencas,
        COUNT(CASE WHEN rp.status_presenca = 'Ausente' THEN 1 END) AS TotalFaltas
    FROM 
        registro_presenca rp
    JOIN 
        aula au ON rp.idaula = au.idaula
    JOIN 
        grade_horaria g ON au.id_grade = g.id_grade
    JOIN 
        disciplina d ON g.iddisciplina = d.iddisciplina
    JOIN 
        aluno a ON rp.idaluno = a.idaluno
    JOIN 
        curso c ON a.idcurso = c.idcurso
    WHERE 
        a.ra = ra_aluno
        AND a.modulo = modulo
    GROUP BY 
        a.nome, c.nomeCurso, a.modulo;
END //

DELIMITER ;

-- Calcular Faltas e Presenças Totais

DELIMITER //

CREATE PROCEDURE calcular_faltas_presencas_curso_ra(
    IN ra_aluno VARCHAR(20)
)
BEGIN
    SELECT 
        a.nome AS NomeAluno,
        c.nomeCurso AS Curso,
        COUNT(CASE WHEN rp.status_presenca = 'Presente' THEN 1 END) AS TotalPresencas,
        COUNT(CASE WHEN rp.status_presenca = 'Ausente' THEN 1 END) AS TotalFaltas
    FROM 
        registro_presenca rp
    JOIN 
        aula au ON rp.idaula = au.idaula
    JOIN 
        grade_horaria g ON au.id_grade = g.id_grade
    JOIN 
        disciplina d ON g.iddisciplina = d.iddisciplina
    JOIN 
        aluno a ON rp.idaluno = a.idaluno
    JOIN 
        curso c ON a.idcurso = c.idcurso
    WHERE 
        a.ra = ra_aluno
    GROUP BY 
        a.nome, c.nomeCurso;
END //

DELIMITER ;
